action,x,y,timestamp,extra1,extra2
move,1006,775,1725102742.9675786,,
move,980,788,1725102742.9793959,,
move,955,799,1725102742.9864738,,
move,929,810,1725102742.9920475,,
move,910,819,1725102742.9986975,,
move,894,828,1725102743.0069573,,
move,877,839,1725102743.007968,,
move,855,849,1725102743.0181944,,
move,838,860,1725102743.027629,,
move,824,868,1725102743.0303416,,
move,813,875,1725102743.037949,,
move,806,880,1725102743.0479739,,
move,802,882,1725102743.0488546,,
move,799,884,1725102743.0622032,,
move,798,885,1725102743.0685446,,
move,797,885,1725102743.0724685,,
move,797,885,1725102743.080838,,
move,797,885,1725102743.1083727,,
move,797,885,1725102743.1128936,,
move,801,884,1725102743.1179323,,
move,812,880,1725102743.128348,,
move,841,869,1725102743.136994,,
move,892,858,1725102743.1425443,,
move,945,846,1725102743.1508417,,
move,981,840,1725102743.1578188,,
move,998,838,1725102743.160781,,
move,1010,835,1725102743.1687353,,
move,1014,834,1725102743.1777997,,
move,1016,833,1725102743.182808,,
move,1018,833,1725102743.190923,,
move,1019,833,1725102743.1989686,,
move,1019,832,1725102743.2100277,,
move,1019,832,1725102743.2278335,,
move,1019,832,1725102743.2471833,,
move,1016,832,1725102743.2497494,,
move,995,843,1725102743.2586832,,
move,899,887,1725102743.2669575,,
move,807,922,1725102743.2708092,,
move,738,948,1725102743.2781703,,
move,661,971,1725102743.2878,,
move,597,986,1725102743.2932262,,
move,527,1001,1725102743.2991676,,
move,464,1010,1725102743.3087687,,
move,409,1015,1725102743.3157132,,
move,348,1015,1725102743.3209941,,
move,299,1009,1725102743.3276696,,
move,252,998,1725102743.3337083,,
move,201,982,1725102743.3402185,,
move,161,962,1725102743.347862,,
move,132,933,1725102743.3566866,,
move,108,899,1725102743.3617408,,
move,89,863,1725102743.3682456,,
move,73,818,1725102743.3769722,,
move,63,774,1725102743.3817818,,
move,60,729,1725102743.3886008,,
move,64,684,1725102743.3978307,,
move,71,632,1725102743.402751,,
move,84,584,1725102743.4098177,,
move,97,543,1725102743.418352,,
move,114,504,1725102743.4244714,,
move,134,468,1725102743.4285939,,
move,162,433,1725102743.4376712,,
move,195,400,1725102743.4447162,,
move,227,370,1725102743.45232,,
move,262,344,1725102743.458177,,
move,305,319,1725102743.465097,,
move,347,301,1725102743.472974,,
move,414,275,1725102743.4900975,,
move,446,271,1725102743.4947329,,
move,473,271,1725102743.5005202,,
move,490,273,1725102743.5076175,,
move,505,277,1725102743.5139794,,
move,519,283,1725102743.5213094,,
move,535,291,1725102743.5293388,,
move,547,300,1725102743.537767,,
move,557,308,1725102743.5412564,,
move,563,317,1725102743.5486429,,
move,568,327,1725102743.555367,,
move,574,338,1725102743.5621166,,
move,576,350,1725102743.5690525,,
move,578,362,1725102743.5760078,,
move,578,378,1725102743.582958,,
move,577,399,1725102743.590105,,
move,574,425,1725102743.5970275,,
move,564,459,1725102743.6019537,,
move,545,507,1725102743.607932,,
move,525,550,1725102743.6167524,,
move,500,596,1725102743.6239421,,
move,480,635,1725102743.6295733,,
move,458,672,1725102743.6369588,,
move,433,707,1725102743.6413999,,
move,399,742,1725102743.6512246,,
move,369,775,1725102743.657703,,
move,340,799,1725102743.659502,,
move,316,816,1725102743.6682808,,
move,294,826,1725102743.6778457,,
move,274,831,1725102743.68321,,
move,256,832,1725102743.6886346,,
move,241,830,1725102743.6976137,,
move,228,825,1725102743.7033541,,
move,219,818,1725102743.7085075,,
move,208,809,1725102743.7176285,,
move,196,790,1725102743.7332366,,
move,184,762,1725102743.7343783,,
move,177,731,1725102743.7376974,,
move,175,693,1725102743.7468112,,
move,178,638,1725102743.7511222,,
move,195,587,1725102743.7595987,,
move,213,535,1725102743.7685997,,
move,234,487,1725102743.7725966,,
move,261,446,1725102743.7795305,,
move,298,410,1725102743.7884138,,
move,339,377,1725102743.7884138,,
move,380,345,1725102743.8015144,,
move,433,319,1725102743.8083508,,
move,486,292,1725102743.8083508,,
move,532,272,1725102743.8219924,,
move,583,253,1725102743.829012,,
move,630,244,1725102743.8345757,,
move,662,239,1725102743.8382642,,
move,690,239,1725102743.8480098,,
move,723,243,1725102743.8576539,,
move,747,250,1725102743.8629155,,
move,763,259,1725102743.870163,,
move,775,270,1725102743.8776765,,
move,785,281,1725102743.8783689,,
move,793,294,1725102743.888012,,
move,799,307,1725102743.8979585,,
move,804,321,1725102743.9047027,,
move,808,333,1725102743.91196,,
move,811,344,1725102743.9187043,,
move,812,354,1725102743.9255805,,
move,812,362,1725102743.9318368,,
move,811,371,1725102743.9389393,,
move,809,378,1725102743.94619,,
move,808,383,1725102743.9521892,,
move,807,387,1725102743.9599128,,
move,806,390,1725102743.9655554,,
move,806,391,1725102743.9735816,,
move,806,392,1725102743.9790397,,
move,806,393,1725102743.987381,,
move,806,394,1725102743.9941015,,
move,806,395,1725102744.0005436,,
move,811,399,1725102744.0076535,,
move,825,408,1725102744.0129452,,
move,848,421,1725102744.0210624,,
move,900,440,1725102744.0286613,,
move,951,456,1725102744.0286613,,
move,993,463,1725102744.0426512,,
move,1034,463,1725102744.0491395,,
move,1077,457,1725102744.0556412,,
move,1117,447,1725102744.0625033,,
move,1162,431,1725102744.0695739,,
move,1210,413,1725102744.07052,,
move,1250,390,1725102744.0822449,,
move,1322,365,1725102744.0883613,,
move,1371,339,1725102744.097113,,
move,1399,317,1725102744.1032715,,
move,1411,302,1725102744.110107,,
move,1417,290,1725102744.1183488,,
move,1419,283,1725102744.1252086,,
move,1419,279,1725102744.1281612,,
move,1416,274,1725102744.137784,,
move,1405,265,1725102744.1447856,,
move,1364,246,1725102744.1518354,,
move,1324,221,1725102744.1587048,,
move,1281,196,1725102744.165586,,
move,1235,173,1725102744.1725056,,
move,1198,151,1725102744.17827,,
move,1155,126,1725102744.1825824,,
move,1105,98,1725102744.1879117,,
move,1058,72,1725102744.2002993,,
move,1006,51,1725102744.2067842,,
move,945,31,1725102744.212137,,
move,892,20,1725102744.2185624,,
move,816,12,1725102744.2276363,,
move,741,16,1725102744.2319715,,
move,662,24,1725102744.2391872,,
move,585,42,1725102744.2468188,,
move,504,60,1725102744.2521024,,
move,436,88,1725102744.258219,,
move,364,116,1725102744.2679248,,
move,304,143,1725102744.2730093,,
move,251,172,1725102744.2788703,,
move,194,207,1725102744.2878885,,
move,146,243,1725102744.2928035,,
move,113,279,1725102744.3006532,,
move,84,317,1725102744.3077364,,
move,66,344,1725102744.3160658,,
move,55,369,1725102744.3230882,,
move,51,389,1725102744.3284795,,
move,51,407,1725102744.337034,,
move,53,426,1725102744.339638,,
move,59,447,1725102744.3507452,,
move,71,467,1725102744.3577201,,
move,89,497,1725102744.3639488,,
move,119,529,1725102744.369712,,
move,160,559,1725102744.3775928,,
move,205,594,1725102744.3837063,,
move,382,699,1725102744.407018,,
move,452,738,1725102744.4101095,,
move,516,776,1725102744.420606,,
move,589,813,1725102744.4292939,,
move,655,846,1725102744.4340172,,
move,721,876,1725102744.4397242,,
move,790,907,1725102744.445625,,
move,845,928,1725102744.4514747,,
move,906,948,1725102744.46033,,
move,958,964,1725102744.4674432,,
move,1001,975,1725102744.4741778,,
move,1042,986,1725102744.4807396,,
move,1078,992,1725102744.4881744,,
move,1106,994,1725102744.4946368,,
move,1121,994,1725102744.5017388,,
move,1134,993,1725102744.507631,,
move,1145,992,1725102744.5124798,,
move,1149,990,1725102744.5207264,,
move,1151,989,1725102744.5291164,,
move,1152,988,1725102744.5357773,,
move,1153,988,1725102744.5402212,,
move,1153,987,1725102744.5568638,,
move,1153,986,1725102744.560977,,
move,1152,985,1725102744.5698097,,
move,1150,984,1725102744.576896,,
move,1146,980,1725102744.581801,,
move,1138,977,1725102744.5898895,,
move,1125,971,1725102744.596867,,
move,1095,963,1725102744.6041358,,
move,1052,954,1725102744.6102743,,
move,1016,948,1725102744.617985,,
move,984,946,1725102744.6241426,,
move,947,946,1725102744.6303375,,
move,926,946,1725102744.6387916,,
move,908,946,1725102744.6441736,,
move,891,946,1725102744.6483,,
move,868,948,1725102744.658121,,
move,847,950,1725102744.665141,,
move,832,951,1725102744.67205,,
move,820,952,1725102744.6790626,,
move,808,952,1725102744.685895,,
move,796,952,1725102744.6899405,,
move,780,949,1725102744.699684,,
move,766,946,1725102744.7071114,,
move,754,941,1725102744.7080786,,
move,743,933,1725102744.720547,,
move,734,925,1725102744.7274606,,
move,725,912,1725102744.73445,,
move,715,885,1725102744.7413335,,
move,712,856,1725102744.7483835,,
move,770,824,1725102745.118501,,
move,830,794,1725102745.1297636,,
move,869,774,1725102745.1388602,,
move,908,757,1725102745.1445932,,
move,949,744,1725102745.1521883,,
move,984,732,1725102745.1585631,,
move,1002,724,1725102745.1645105,,
move,1018,719,1725102745.17314,,
move,1028,715,1725102745.1794167,,
move,1035,712,1725102745.187093,,
move,1039,711,1725102745.193631,,
move,1042,711,1725102745.1997068,,
move,1044,710,1725102745.2068427,,
move,1044,710,1725102745.2136114,,
move,1045,710,1725102745.2207913,,
move,1046,710,1725102745.227867,,
move,1046,710,1725102745.2721043,,
move,1045,710,1725102745.2776594,,
move,1045,710,1725102745.2887444,,
move,1045,710,1725102745.296793,,
move,1043,710,1725102745.3038733,,
move,1042,710,1725102745.308665,,
move,1042,711,1725102745.3166957,,
move,1040,711,1725102745.3236547,,
move,1039,711,1725102745.3384125,,
move,1039,711,1725102745.3452458,,
move,1038,711,1725102745.3521404,,
move,1037,711,1725102745.360833,,
move,1037,711,1725102745.3779871,,
move,1037,711,1725102745.3799489,,
move,1038,710,1725102745.3979952,,
move,1039,710,1725102745.4129677,,
move,1041,710,1725102745.418,,
move,1045,709,1725102745.4278133,,
move,1053,709,1725102745.4333253,,
move,1068,707,1725102745.4383,,
move,1091,706,1725102745.4479394,,
move,1122,706,1725102745.4525597,,
move,1150,704,1725102745.459607,,
move,1167,704,1725102745.4677143,,
move,1180,704,1725102745.4754553,,
move,1193,704,1725102745.4781592,,
move,1207,704,1725102745.4880197,,
move,1220,704,1725102745.4907146,,
move,1232,704,1725102745.4985168,,
move,1242,703,1725102745.507781,,
move,1239,712,1725102754.3771172,,
move,1235,724,1725102754.3801808,,
move,1232,736,1725102754.3880172,,
move,1228,745,1725102754.396932,,
move,1227,754,1725102754.4028323,,
move,1225,761,1725102754.4091082,,
move,1224,768,1725102754.417993,,
move,1223,775,1725102754.419928,,
move,1221,782,1725102754.4278367,,
move,1219,789,1725102754.4383717,,
move,1218,798,1725102754.441342,,
move,1215,808,1725102754.450194,,
move,1213,819,1725102754.4581776,,
move,1210,830,1725102754.461856,,
move,1207,842,1725102754.4688103,,
move,1203,858,1725102754.478429,,
move,1200,870,1725102754.483585,,
move,1198,880,1725102754.4924142,,
move,1195,889,1725102754.5003562,,
move,1193,896,1725102754.5069869,,
move,1192,901,1725102754.5133939,,
move,1192,904,1725102754.5180898,,
move,1191,908,1725102754.5278742,,
move,1191,910,1725102754.5301423,,
move,1190,912,1725102754.5384326,,
move,1190,915,1725102754.5479767,,
move,1190,917,1725102754.5545502,,
move,1190,919,1725102754.5618763,,
move,1190,921,1725102754.5684495,,
move,1191,924,1725102754.5718405,,
move,1192,925,1725102754.5787163,,
move,1193,928,1725102754.588233,,
move,1194,930,1725102754.5935497,,
move,1195,932,1725102754.6015372,,
move,1196,933,1725102754.6095736,,
move,1197,935,1725102754.615106,,
move,1198,936,1725102754.6203108,,
move,1198,937,1725102754.6304488,,
move,1200,939,1725102754.6376233,,
move,1201,941,1725102754.6438563,,
move,1202,942,1725102754.6511533,,
move,1203,944,1725102754.6579049,,
move,1205,946,1725102754.6620827,,
move,1206,949,1725102754.669052,,
move,1207,950,1725102754.6780512,,
move,1208,953,1725102754.6848395,,
move,1209,956,1725102754.6897485,,
move,1210,959,1725102754.6976006,,
move,1211,961,1725102754.7050614,,
move,1211,965,1725102754.7120738,,
move,1212,968,1725102754.7196248,,
move,1213,973,1725102754.7267096,,
move,1213,980,1725102754.7317016,,
move,1214,987,1725102754.7386956,,
move,1214,995,1725102754.74776,,
move,1214,1004,1725102754.7533238,,
move,1214,1010,1725102754.7595596,,
move,1214,1016,1725102754.767444,,
move,1214,1019,1725102754.7744036,,
move,1214,1023,1725102754.779925,,
move,1214,1026,1725102754.78786,,
move,1214,1027,1725102754.7941592,,
move,1214,1029,1725102754.800971,,
move,1214,1031,1725102754.8075504,,
move,1214,1031,1725102754.8118334,,
move,1214,1032,1725102754.8182971,,
move,1214,1033,1725102754.8279588,,
move,1214,1033,1725102754.8368645,,
move,1214,1034,1725102754.8435416,,
move,1214,1034,1725102754.8475912,,
move,1213,1035,1725102754.862108,,
move,1212,1035,1725102754.8820221,,
move,1211,1035,1725102754.8981638,,
move,1211,1035,1725102754.9083886,,
move,1210,1035,1725102754.9223468,,
move,1209,1035,1725102754.9285073,,
move,1209,1035,1725102754.937669,,
move,1208,1035,1725102754.9484353,,
move,1207,1035,1725102754.9577408,,
move,1206,1035,1725102754.969466,,
move,1206,1035,1725102754.9884076,,
move,1205,1035,1725102755.0084867,,
move,1205,1035,1725102755.0385373,,
move,1205,1034,1725102755.049052,,
move,1205,1034,1725102755.0626955,,
move,1205,1033,1725102755.0678525,,
click,1205,1033,1725102755.2579453,Button.left,True
click,1205,1033,1725102755.487944,Button.left,False
click,141,187,1725102759.2751372,Button.left,True
click,141,187,1725102759.3271701,Button.left,False
move,1050,349,1725102761.0516262,,
move,1050,348,1725102761.0589137,,
move,1050,346,1725102761.0654037,,
move,1051,343,1725102761.072498,,
move,1053,340,1725102761.0793128,,
move,1053,349,1725102761.0865157,,
move,1054,346,1725102761.0887861,,
move,1058,342,1725102761.0979137,,
move,1060,339,1725102761.105158,,
move,1063,336,1725102761.1137302,,
move,1065,333,1725102761.1183825,,
scroll,1065,333,1725102761.1209576,0,-1
scroll,1065,333,1725102761.1223028,0,-1
move,1068,331,1725102761.1276705,,
move,1070,329,1725102761.1305804,,
scroll,1070,329,1725102761.1360307,0,-1
move,1073,328,1725102761.1381998,,
move,1073,327,1725102761.1478522,,
move,1075,326,1725102761.1496248,,
move,1077,325,1725102761.1587992,,
scroll,1077,325,1725102761.1679716,0,-1
move,1077,325,1725102761.1679716,,
scroll,1077,325,1725102761.1705468,0,-1
move,1078,324,1725102761.1750789,,
move,1079,323,1725102761.1798027,,
move,1079,323,1725102761.1879864,,
move,1080,323,1725102761.1901073,,
move,1081,322,1725102761.1982687,,
move,1082,322,1725102761.2077398,,
move,1082,322,1725102761.212956,,
move,1083,322,1725102761.2276437,,
move,1084,322,1725102761.2371974,,
move,1084,322,1725102761.2477167,,
move,1085,323,1725102761.2717836,,
move,1086,324,1725102761.2779007,,
move,1087,324,1725102761.2979064,,
move,1087,325,1725102761.3014233,,
move,1087,326,1725102761.3094285,,
move,1087,326,1725102761.3176687,,
move,1088,328,1725102761.3317924,,
move,1088,329,1725102761.3401275,,
move,1088,329,1725102761.3401275,,
move,1088,331,1725102761.3496525,,
move,1088,332,1725102761.3578174,,
move,1088,333,1725102761.3669622,,
move,1088,334,1725102761.373967,,
move,1088,335,1725102761.3802822,,
move,1088,336,1725102761.3876143,,
move,1088,337,1725102761.393881,,
move,1088,337,1725102761.3988085,,
move,1088,338,1725102761.4088497,,
move,1088,339,1725102761.415481,,
move,1088,340,1725102761.4192364,,
move,1088,340,1725102761.427637,,
move,1088,341,1725102761.4413679,,
move,1088,342,1725102761.4583335,,
scroll,1088,342,1725102761.9727716,0,-1
scroll,1088,342,1725102761.9887388,0,-1
scroll,1088,342,1725102762.0176785,0,-1
scroll,1088,342,1725102762.0176785,0,-1
scroll,1088,342,1725102762.0176785,0,-1
scroll,1556,355,1725102762.0378723,0,-1
move,1546,375,1725102762.3202746,,
scroll,1546,375,1725102762.4089675,0,-1
scroll,1546,375,1725102762.4089675,0,-1
scroll,1546,375,1725102762.4209151,0,-1
scroll,1546,376,1725102762.4388351,0,-1
scroll,1546,377,1725102762.4698412,0,-1
move,1255,459,1725102762.7385108,,
click,1153,499,1725102762.8185494,Button.left,True
click,1153,499,1725102762.9171865,Button.left,False
move,1152,499,1725102763.4875524,,
move,1152,499,1725102764.4390912,,
move,1151,499,1725102764.6780772,,
move,1150,499,1725102764.9085324,,
move,1150,500,1725102765.3276713,,
move,1150,501,1725102765.5578089,,
move,438,523,1725102766.1711073,,
move,438,523,1725102766.8879087,,
move,438,522,1725102766.9079778,,
move,438,521,1725102766.9213238,,
move,438,521,1725102766.9385915,,
move,438,520,1725102766.9521995,,
move,438,519,1725102766.977142,,
move,438,519,1725102766.9900208,,
move,438,518,1725102766.9981863,,
move,437,518,1725102767.02339,,
move,437,517,1725102767.030453,,
move,437,516,1725102767.2579248,,
move,437,516,1725102767.338445,,
move,437,515,1725102767.3944395,,
move,437,514,1725102767.4086053,,
move,437,514,1725102767.4175384,,
move,437,513,1725102767.4480166,,
move,437,512,1725102767.4619212,,
move,437,511,1725102767.4770706,,
move,437,511,1725102767.4978106,,
move,437,510,1725102767.5076008,,
move,437,509,1725102767.518382,,
move,437,509,1725102767.5279448,,
move,437,508,1725102767.538785,,
move,437,507,1725102767.5453005,,
move,437,506,1725102767.5522354,,
move,437,506,1725102767.5587647,,
move,437,504,1725102767.5656831,,
move,437,504,1725102767.57312,,
move,437,503,1725102767.5796404,,
move,438,501,1725102767.5864289,,
move,438,501,1725102767.5879755,,
move,438,500,1725102767.6004999,,
move,438,499,1725102767.6071951,,
move,438,498,1725102767.614187,,
move,438,498,1725102767.621355,,
move,438,497,1725102767.6276457,,
move,438,496,1725102767.6302907,,
move,438,496,1725102767.639022,,
move,438,495,1725102767.6476264,,
move,438,494,1725102767.6515257,,
move,438,493,1725102767.667565,,
move,438,493,1725102767.6717322,,
move,438,491,1725102767.6787212,,
move,438,490,1725102767.6884031,,
move,439,490,1725102767.6947994,,
move,439,489,1725102767.7011025,,
move,440,487,1725102767.7094257,,
move,441,486,1725102767.7168517,,
move,444,483,1725102767.7192118,,
move,449,475,1725102767.728308,,
move,458,464,1725102767.737771,,
move,468,454,1725102767.7390218,,
move,482,437,1725102767.750785,,
move,495,421,1725102767.757855,,
move,514,404,1725102767.7650707,,
move,536,386,1725102767.768527,,
move,551,372,1725102767.7788298,,
move,564,361,1725102767.7822337,,
move,576,351,1725102767.791017,,
move,587,342,1725102767.7990913,,
move,598,334,1725102767.8021297,,
move,607,326,1725102767.808572,,
move,618,316,1725102767.8178182,,
move,599,316,1725102768.2785997,,
move,573,313,1725102768.2839944,,
move,539,311,1725102768.2924738,,
move,497,306,1725102768.29843,,
move,465,305,1725102768.306927,,
move,445,305,1725102768.309363,,
move,426,303,1725102768.317799,,
move,410,303,1725102768.3269167,,
move,398,303,1725102768.3323498,,
move,388,303,1725102768.338064,,
move,383,303,1725102768.3469524,,
move,380,303,1725102768.3538246,,
move,378,302,1725102768.3588252,,
move,376,302,1725102768.368017,,
move,375,302,1725102768.3703365,,
move,374,302,1725102768.382172,,
move,373,302,1725102768.388327,,
move,372,301,1725102768.394447,,
move,372,301,1725102768.3995626,,
move,371,300,1725102768.4081414,,
move,369,299,1725102768.4126606,,
move,368,298,1725102768.4231749,,
move,365,297,1725102768.428854,,
move,361,295,1725102768.436785,,
move,355,292,1725102768.4404414,,
move,349,290,1725102768.4484124,,
move,345,288,1725102768.4578419,,
move,340,286,1725102768.4646568,,
move,336,284,1725102768.4717236,,
move,333,283,1725102768.477958,,
move,331,282,1725102768.4813235,,
move,329,281,1725102768.4904048,,
move,329,280,1725102768.4984837,,
move,328,280,1725102768.5050778,,
move,327,279,1725102768.5129123,,
move,327,279,1725102768.5185723,,
move,326,278,1725102768.5230548,,
move,325,278,1725102768.5310848,,
move,325,277,1725102768.538932,,
move,324,276,1725102768.5448666,,
move,324,275,1725102768.5532432,,
move,324,275,1725102768.5667517,,
move,324,274,1725102768.5677793,,
move,324,273,1725102768.5869505,,
move,324,273,1725102768.5995562,,
move,324,273,1725102768.6076393,,
move,324,272,1725102768.6122053,,
move,327,271,1725102768.6182501,,
move,337,266,1725102768.627916,,
move,362,256,1725102768.627916,,
move,434,227,1725102768.6428683,,
move,502,205,1725102768.6484141,,
move,563,188,1725102768.6557236,,
move,619,176,1725102768.6625,,
move,665,172,1725102768.6698217,,
move,710,167,1725102768.6769435,,
move,761,167,1725102768.6833801,,
move,796,170,1725102768.6905687,,
move,845,175,1725102768.6977625,,
move,891,181,1725102768.704319,,
move,927,187,1725102768.710337,,
move,964,198,1725102768.7178164,,
move,1001,206,1725102768.7246273,,
move,1037,223,1725102768.7311647,,
move,1061,241,1725102768.738171,,
move,1082,257,1725102768.7451444,,
move,1104,278,1725102768.74807,,
move,1120,294,1725102768.7591488,,
move,1134,309,1725102768.7666876,,
move,1144,328,1725102768.7728865,,
move,1150,346,1725102768.7797987,,
move,1151,361,1725102768.7857845,,
move,1152,373,1725102768.7938013,,
move,1152,386,1725102768.7983458,,
move,1149,401,1725102768.8074183,,
move,1147,417,1725102768.8119633,,
move,1141,432,1725102768.8184862,,
move,1136,444,1725102768.8278122,,
move,1129,455,1725102768.8353004,,
move,1121,467,1725102768.8387322,,
move,1111,478,1725102768.8493593,,
move,1100,488,1725102768.850544,,
move,1079,499,1725102768.858645,,
move,1044,513,1725102768.8678622,,
move,1009,526,1725102768.872208,,
move,973,534,1725102768.8803892,,
move,933,540,1725102768.8877876,,
move,898,544,1725102768.8930402,,
move,872,547,1725102768.89891,,
move,857,549,1725102768.907983,,
move,849,550,1725102768.9167879,,
move,846,551,1725102768.9223995,,
move,844,552,1725102768.9301202,,
move,843,552,1725102768.937661,,
move,842,552,1725102768.9401941,,
move,841,552,1725102768.957562,,
move,840,552,1725102768.9693255,,
move,840,551,1725102768.9808435,,
move,840,550,1725102768.989398,,
move,840,549,1725102768.997784,,
move,840,547,1725102769.002112,,
move,840,543,1725102769.0127177,,
move,842,538,1725102769.0189917,,
move,848,530,1725102769.0242758,,
move,865,516,1725102769.0303266,,
move,924,492,1725102769.0375512,,
move,985,469,1725102769.0467808,,
move,1048,462,1725102769.0540595,,
move,1096,458,1725102769.057987,,
move,1140,458,1725102769.0676374,,
move,1189,461,1725102769.0733469,,
move,1225,465,1725102769.080505,,
move,1250,469,1725102769.0881667,,
move,1271,475,1725102769.0931911,,
move,1289,481,1725102769.099346,,
move,1307,489,1725102769.107878,,
move,1321,496,1725102769.1129036,,
move,1332,505,1725102769.1215723,,
move,1342,519,1725102769.1276915,,
move,1349,531,1725102769.135413,,
move,1355,544,1725102769.1423476,,
move,1361,556,1725102769.1503205,,
move,1365,568,1725102769.1568162,,
move,1368,582,1725102769.1636293,,
move,1368,595,1725102769.1695127,,
move,1368,608,1725102769.1773512,,
move,1367,622,1725102769.1841762,,
move,1364,638,1725102769.1901844,,
move,1356,661,1725102769.1978343,,
move,1345,692,1725102769.2031004,,
move,1334,718,1725102769.211995,,
move,1320,747,1725102769.2182019,,
move,1306,779,1725102769.2241967,,
move,1295,807,1725102769.2306418,,
move,1287,829,1725102769.2389948,,
move,1282,842,1725102769.2456002,,
move,1278,854,1725102769.252961,,
move,1276,866,1725102769.2598717,,
move,1274,878,1725102769.2669144,,
move,1272,890,1725102769.2728803,,
move,1272,898,1725102769.2791579,,
move,1272,907,1725102769.286737,,
move,1272,918,1725102769.2935486,,
move,1272,928,1725102769.3000996,,
move,1273,939,1725102769.307725,,
move,1276,948,1725102769.3147137,,
move,1278,955,1725102769.3215861,,
move,1281,960,1725102769.328091,,
move,1311,908,1725102769.66187,,
move,1346,854,1725102769.6683304,,
move,1382,803,1725102769.6776924,,
move,1427,751,1725102769.68486,,
move,1468,706,1725102769.691979,,
move,1506,660,1725102769.697912,,
move,1545,621,1725102769.7041597,,
move,1584,587,1725102769.7119904,,
move,1611,558,1725102769.717746,,
move,1626,539,1725102769.7242565,,
move,1634,525,1725102769.7307622,,
move,1638,518,1725102769.7376719,,
move,1639,514,1725102769.7450244,,
move,1640,512,1725102769.7531362,,
move,1640,511,1725102769.7590303,,
move,1640,510,1725102769.7671351,,
move,1640,509,1725102769.772044,,
move,1640,509,1725102769.7787106,,
move,1640,509,1725102769.787563,,
move,1640,508,1725102769.7920947,,
move,1639,508,1725102769.8004572,,
move,1639,508,1725102769.8080082,,
move,1639,508,1725102769.8203275,,
move,1638,510,1725102769.8279142,,
move,1637,512,1725102769.8347282,,
move,1634,516,1725102769.8416297,,
move,1626,525,1725102769.8482018,,
move,1606,543,1725102769.85536,,
move,1571,574,1725102769.8583214,,
move,1535,608,1725102769.8679254,,
move,1503,635,1725102769.877238,,
move,1471,661,1725102769.88277,,
move,1446,684,1725102769.890258,,
move,1420,708,1725102769.8971498,,
move,1396,737,1725102769.9044037,,
move,1366,766,1725102769.910952,,
move,1337,795,1725102769.917989,,
move,1316,820,1725102769.9190233,,
move,1296,848,1725102769.9320705,,
move,1284,871,1725102769.9382215,,
move,1275,887,1725102769.9453578,,
move,1269,899,1725102769.9524763,,
move,1264,908,1725102769.9596138,,
move,1262,916,1725102769.9664543,,
move,1260,926,1725102769.9688332,,
move,1260,933,1725102769.979868,,
move,1261,941,1725102769.9867463,,
move,1262,950,1725102769.9884176,,
move,1266,960,1725102770.0007708,,
move,1272,969,1725102770.0076594,,
move,1285,981,1725102770.0106847,,
move,1313,997,1725102770.0216231,,
move,1353,1019,1725102770.0279744,,
move,1397,1030,1725102770.0296416,,
move,1449,1034,1725102770.0387151,,
move,1490,1036,1725102770.047974,,
move,1536,1033,1725102770.0492196,,
move,1578,1027,1725102770.0597568,,
move,1612,1019,1725102770.0678074,,
move,1645,1011,1725102770.0748208,,
move,1676,1001,1725102770.0823653,,
move,1701,992,1725102770.0879204,,
move,1718,986,1725102770.0967777,,
move,1731,981,1725102770.1012924,,
move,1741,977,1725102770.1078212,,
move,1748,973,1725102770.1169443,,
move,1756,970,1725102770.1239974,,
move,1759,968,1725102770.1275918,,
move,1760,967,1725102770.136772,,
move,1762,966,1725102770.143744,,
move,1763,965,1725102770.1497116,,
move,1763,965,1725102770.167591,,
move,1762,964,1725102770.1783283,,
move,1759,963,1725102770.1841018,,
move,1746,959,1725102770.192496,,
move,1708,956,1725102770.198925,,
move,1660,954,1725102770.2023568,,
move,1618,955,1725102770.208892,,
move,1575,963,1725102770.2184374,,
move,1544,973,1725102770.2270072,,
move,1520,980,1725102770.2313488,,
move,1504,989,1725102770.239711,,
move,1488,997,1725102770.2476616,,
move,1472,1006,1725102770.253925,,
move,1459,1015,1725102770.2577705,,
move,1448,1023,1725102770.2669737,,
move,1438,1032,1725102770.2735677,,
move,1428,1042,1725102770.2781258,,
move,1419,1050,1725102770.2886295,,
move,1408,1059,1725102770.2935095,,
move,1397,1067,1725102770.3017466,,
move,1383,1077,1725102770.3084755,,
move,1372,1085,1725102770.3084755,,
move,1360,1088,1725102770.3175657,,
move,1349,1088,1725102770.328743,,
move,1340,1086,1725102770.332788,,
move,1333,1086,1725102770.3378327,,
move,1327,1084,1725102770.3487902,,
move,1324,1082,1725102770.3568165,,
move,1322,1081,1725102770.3578424,,
move,1320,1081,1725102770.3688767,,
move,1316,1082,1725102770.3780222,,
move,1314,1081,1725102770.382071,,
move,1311,1079,1725102770.3876693,,
move,1309,1081,1725102770.398402,,
move,1308,1080,1725102770.4029799,,
move,1306,1079,1725102770.4111102,,
move,1305,1080,1725102770.4186192,,
move,1304,1079,1725102770.4186192,,
move,1303,1079,1725102770.4385617,,
move,1302,1079,1725102770.4455864,,
move,1302,1079,1725102770.447613,,
move,1301,1079,1725102770.4591525,,
move,1300,1079,1725102770.4666889,,
move,1300,1078,1725102770.4677074,,
move,1298,1075,1725102770.4787397,,
move,1295,1071,1725102770.4868197,,
move,1293,1068,1725102770.493213,,
move,1291,1063,1725102770.498869,,
move,1287,1058,1725102770.5079453,,
move,1285,1053,1725102770.517003,,
move,1283,1047,1725102770.518591,,
move,1281,1043,1725102770.5277214,,
move,1280,1040,1725102770.5277214,,
move,1278,1037,1725102770.5407295,,
move,1277,1034,1725102770.5477188,,
move,1276,1033,1725102770.5568948,,
move,1275,1031,1725102770.557906,,
move,1275,1029,1725102770.568538,,
move,1275,1029,1725102770.5771031,,
move,1275,1027,1725102770.5823429,,
move,1274,1027,1725102770.5890384,,
move,1274,1026,1725102770.597699,,
move,1273,1025,1725102770.6039953,,
move,1273,1024,1725102770.6175969,,
move,1273,1024,1725102770.6284215,,
move,1273,1024,1725102770.6527662,,
move,1273,1024,1725102770.6578918,,
move,1273,1025,1725102770.6840017,,
move,1273,1026,1725102770.6881256,,
move,1274,1026,1725102770.6996856,,
move,1274,1027,1725102770.706693,,
move,1274,1028,1725102770.7117445,,
move,1274,1029,1725102770.7184188,,
move,1274,1033,1725102770.726943,,
move,1274,1037,1725102770.7319205,,
move,1274,1044,1725102770.7387176,,
move,1274,1051,1725102770.747833,,
move,1276,1060,1725102770.7518384,,
move,1276,1065,1725102770.7584589,,
move,1277,1069,1725102770.7680104,,
move,1277,1071,1725102770.7680104,,
move,1277,1074,1725102770.7819164,,
move,1277,1075,1725102770.7879772,,
move,1277,1075,1725102770.7962804,,
move,1277,1076,1725102770.7985876,,
move,1277,1077,1725102770.8079307,,
move,1277,1078,1725102770.8079307,,
move,1277,1077,1725102770.8279858,,
move,1278,1072,1725102770.8376012,,
move,1280,1057,1725102770.8386474,,
move,1292,1005,1725102770.847694,,
move,1312,937,1725102770.8575795,,
move,1334,879,1725102770.8609605,,
move,1361,820,1725102770.8678234,,
move,1385,764,1725102770.8778315,,
move,1407,709,1725102770.8843136,,
move,1429,648,1725102770.8923948,,
move,1451,592,1725102770.8987014,,
move,1473,534,1725102770.8987014,,
move,1497,479,1725102770.9083147,,
move,1524,423,1725102770.9193323,,
move,1542,371,1725102770.9232643,,
move,1560,326,1725102770.9313643,,
move,1577,275,1725102770.9389548,,
move,1596,220,1725102770.946877,,
move,1615,165,1725102770.9540906,,
move,1636,110,1725102770.9597921,,
move,1658,58,1725102770.9678833,,
move,1673,13,1725102770.971861,,
move,1681,-20,1725102770.9806366,,
move,1687,-30,1725102770.9878876,,
move,1690,-19,1725102770.9946232,,
move,1722,-4,1725102771.3475673,,
move,1745,-5,1725102771.358057,,
move,1758,-1,1725102771.361713,,
move,1767,-1,1725102771.367819,,
move,1771,-1,1725102771.3784645,,
move,1774,0,1725102771.3846493,,
move,1775,0,1725102771.3931031,,
move,1777,0,1725102771.3983285,,
move,1777,0,1725102771.4126925,,
move,1778,0,1725102771.426971,,
move,1778,0,1725102771.4727302,,
move,1778,0,1725102771.4885774,,
move,1778,1,1725102771.4990485,,
move,1778,1,1725102771.5076113,,
move,1778,2,1725102771.519823,,
move,1778,2,1725102771.5370083,,
move,1778,3,1725102771.5494537,,
move,1778,4,1725102771.5686073,,
move,1777,5,1725102771.577681,,
move,1776,6,1725102771.588811,,
move,1776,7,1725102771.5979652,,
move,1775,8,1725102771.6036484,,
move,1775,9,1725102771.6079867,,
move,1775,11,1725102771.6175501,,
move,1775,12,1725102771.619673,,
move,1775,13,1725102771.6284363,,
move,1775,15,1725102771.6380064,,
move,1775,15,1725102771.6476104,,
move,1775,17,1725102771.6513789,,
move,1775,17,1725102771.657859,,
move,1774,18,1725102771.667659,,
move,1774,19,1725102771.667659,,
move,1774,20,1725102771.6877007,,
move,1774,20,1725102771.6984644,,
move,1773,20,1725102771.8096437,,
move,1773,21,1725102771.818219,,
move,1772,21,1725102771.8379786,,
move,1772,22,1725102771.841525,,
move,1772,22,1725102771.8484423,,
move,1771,24,1725102771.8587904,,
move,1768,28,1725102771.8653727,,
move,1758,39,1725102771.8729806,,
move,1730,71,1725102771.8776264,,
move,1678,136,1725102771.886937,,
move,1630,192,1725102771.8892596,,
move,1587,238,1725102771.8984532,,
move,1552,280,1725102771.9078047,,
move,1521,324,1725102771.9137669,,
move,1491,368,1725102771.9176064,,
move,1455,416,1725102771.9277923,,
move,1424,466,1725102771.9304197,,
move,1396,516,1725102771.937968,,
move,1372,565,1725102771.9479463,,
move,1356,613,1725102771.9500415,,
move,1343,654,1725102771.9577098,,
move,1335,694,1725102771.9682484,,
move,1329,734,1725102771.9738119,,
move,1325,766,1725102771.9832997,,
move,1325,793,1725102771.9878457,,
move,1325,820,1725102771.9921193,,
move,1327,843,1725102771.9983199,,
move,1333,879,1725102772.0079684,,
move,1337,921,1725102772.0170927,,
move,1348,958,1725102772.0233047,,
move,1356,972,1725102772.0300605,,
move,1341,1001,1725102772.359532,,
move,1323,1031,1725102772.3671277,,
move,1313,1053,1725102772.3676572,,
move,1306,1068,1725102772.3802376,,
move,1298,1088,1725102772.3878107,,
move,1288,1099,1725102772.3878107,,
move,1283,1092,1725102772.4009523,,
move,1276,1092,1725102772.40816,,
move,1271,1089,1725102772.41477,,
move,1267,1087,1725102772.4189374,,
move,1265,1083,1725102772.4280195,,
move,1263,1082,1725102772.4300628,,
move,1262,1081,1725102772.4381738,,
move,1261,1080,1725102772.4477644,,
move,1261,1081,1725102772.4477644,,
move,1261,1079,1725102772.4620566,,
move,1260,1079,1725102772.4676688,,
move,1260,1079,1725102772.517929,,
move,1260,1079,1725102772.5242007,,
move,1260,1078,1725102772.5282202,,
move,1260,1078,1725102772.5377748,,
move,1260,1078,1725102772.5403059,,
move,1260,1077,1725102772.548502,,
move,1260,1076,1725102772.5575829,,
move,1260,1075,1725102772.5575829,,
move,1260,1075,1725102772.572309,,
move,1260,1074,1725102772.5777311,,
move,1260,1073,1725102772.5877364,,
move,1261,1072,1725102772.588706,,
move,1263,1068,1725102772.5977814,,
move,1267,1060,1725102772.6069386,,
move,1275,1044,1725102772.6087668,,
move,1285,1025,1725102772.6200805,,
move,1294,1009,1725102772.6268623,,
move,1303,993,1725102772.631888,,
move,1309,982,1725102772.639144,,
move,1318,971,1725102772.6475933,,
move,1324,962,1725102772.6510994,,
move,1332,953,1725102772.6584177,,
move,1340,945,1725102772.6677513,,
move,1345,937,1725102772.6730437,,
move,1353,931,1725102772.680764,,
move,1357,925,1725102772.6888053,,
move,1361,921,1725102772.692404,,
move,1363,918,1725102772.702562,,
move,1365,917,1725102772.7079377,,
move,1366,915,1725102772.7172148,,
move,1367,914,1725102772.7200608,,
move,1368,913,1725102772.7289453,,
move,1368,912,1725102772.7368736,,
move,1368,911,1725102772.7439058,,
move,1368,911,1725102772.7506137,,
move,1369,910,1725102772.7617319,,
move,1369,910,1725102772.802139,,
move,1369,910,1725102772.8257768,,
move,1369,911,1725102772.8282468,,
move,1369,912,1725102772.8377874,,
move,1368,913,1725102772.8470092,,
move,1366,914,1725102772.8526454,,
move,1362,916,1725102772.8592584,,
move,1358,921,1725102772.8676348,,
move,1353,924,1725102772.873278,,
move,1351,926,1725102772.8778043,,
move,1348,928,1725102772.8879123,,
move,1346,929,1725102772.8944867,,
move,1345,930,1725102772.9004421,,
move,1344,931,1725102772.9080117,,
move,1343,932,1725102772.9155867,,
move,1342,932,1725102772.922966,,
move,1342,932,1725102772.9287899,,
move,1341,932,1725102772.9351478,,
move,1340,933,1725102772.9427366,,
move,1340,933,1725102772.9501772,,
move,1339,933,1725102772.9630966,,
move,1338,933,1725102772.9705458,,
move,1337,933,1725102772.9828806,,
move,1337,933,1725102772.9980183,,
move,1336,933,1725102773.1072228,,
move,1336,933,1725102773.1205595,,
move,1336,933,1725102773.1285834,,
move,1335,933,1725102773.1376996,,
move,1335,932,1725102773.1531265,,
move,1333,931,1725102773.1613305,,
move,1330,929,1725102773.1684682,,
move,1324,927,1725102773.1717937,,
move,1313,923,1725102773.1832068,,
move,1303,921,1725102773.1883051,,
move,1292,918,1725102773.1929133,,
move,1284,916,1725102773.1987667,,
move,1278,914,1725102773.2083285,,
move,1273,914,1725102773.2170212,,
move,1270,914,1725102773.2230349,,
move,1266,913,1725102773.2299554,,
move,1263,913,1725102773.237528,,
move,1260,912,1725102773.2404873,,
move,1253,911,1725102773.2486851,,
move,1243,909,1725102773.257892,,
move,1224,906,1725102773.2623916,,
move,1206,905,1725102773.2710123,,
move,1191,904,1725102773.278614,,
move,1179,901,1725102773.2831233,,
move,1171,901,1725102773.289783,,
move,1165,900,1725102773.2983787,,
move,1162,899,1725102773.3032079,,
move,1159,898,1725102773.3113952,,
move,1156,898,1725102773.3182323,,
move,1155,898,1725102773.326783,,
move,1155,898,1725102773.331306,,
move,1154,898,1725102773.3380609,,
move,1153,898,1725102773.3473525,,
move,1153,898,1725102773.3532586,,
move,1152,898,1725102773.3675792,,
move,1152,898,1725102773.3791482,,
move,1151,898,1725102773.387672,,
move,1151,898,1725102773.3948975,,
move,1151,899,1725102773.4079049,,
move,1151,900,1725102773.427856,,
move,1151,901,1725102773.4569468,,
move,1151,902,1725102774.4576066,,
move,1151,904,1725102774.4614344,,
move,1152,905,1725102774.4686823,,
move,1153,907,1725102774.4776251,,
move,1154,909,1725102774.4850733,,
move,1154,910,1725102774.492442,,
move,174,225,1725102774.4978323,,
move,174,226,1725102774.505839,,
move,175,227,1725102774.5108566,,
move,175,227,1725102774.5178952,,
move,175,228,1725102774.5254505,,
move,176,228,1725102774.5311692,,
move,176,229,1725102774.5402787,,
move,176,229,1725102774.6076074,,
move,175,229,1725102774.6279666,,
move,175,229,1725102774.647582,,
move,174,229,1725102774.6768665,,
move,174,229,1725102774.6841028,,
move,174,228,1725102774.707855,,
move,174,228,1725102774.8178127,,
move,174,229,1725102774.855259,,
move,174,229,1725102775.067963,,
move,174,228,1725102775.088518,,
move,174,228,1725102775.3497038,,
move,174,227,1725102775.4085095,,
move,174,227,1725102775.728859,,
move,174,227,1725102776.0330908,,
move,484,171,1725102776.657853,,
move,484,172,1725102776.7310565,,
move,484,173,1725102777.0684972,,
move,484,173,1725102777.1183112,,
move,483,173,1725102777.2184005,,
move,482,173,1725102777.2382367,,
move,482,173,1725102777.2779677,,
move,482,173,1725102777.6177547,,
move,482,172,1725102777.6379902,,
move,483,172,1725102777.7807882,,
move,483,173,1725102777.7976255,,
move,483,173,1725102777.821256,,
move,483,174,1725102777.8477325,,
move,484,175,1725102777.8718967,,
move,484,175,1725102777.8853061,,
move,484,175,1725102777.8936625,,
move,484,176,1725102777.8985522,,
move,485,177,1725102777.9077456,,
move,486,178,1725102777.917799,,
move,487,181,1725102777.9268208,,
move,489,185,1725102777.9336472,,
move,493,191,1725102777.9405003,,
move,499,200,1725102777.9486527,,
move,505,211,1725102777.9514997,,
move,515,223,1725102777.9578183,,
move,523,234,1725102777.9685163,,
move,531,245,1725102777.9744344,,
move,538,257,1725102777.9825637,,
move,543,266,1725102777.9890244,,
move,550,277,1725102777.9968417,,
move,554,288,1725102778.0011358,,
move,561,300,1725102778.008112,,
move,568,312,1725102778.0170631,,
move,575,325,1725102778.0232584,,
move,581,335,1725102778.0300722,,
move,589,345,1725102778.0380595,,
move,599,356,1725102778.0416646,,
move,608,367,1725102778.049039,,
move,618,377,1725102778.0576406,,
move,626,388,1725102778.0621364,,
move,634,396,1725102778.0716763,,
move,641,402,1725102778.0784512,,
move,649,407,1725102778.0830288,,
move,658,413,1725102778.0896738,,
move,667,418,1725102778.098317,,
move,669,451,1725102778.4311314,,
move,673,483,1725102778.4391272,,
move,676,512,1725102778.4477484,,
move,678,540,1725102778.4553,,
move,681,559,1725102778.4585211,,
move,684,578,1725102778.46804,,
move,687,595,1725102778.4718242,,
move,689,612,1725102778.4790282,,
move,693,633,1725102778.48771,,
move,695,648,1725102778.4968605,,
move,698,660,1725102778.5018654,,
move,701,672,1725102778.5103633,,
move,705,683,1725102778.5176675,,
move,707,691,1725102778.5221114,,
move,709,699,1725102778.527711,,
move,712,704,1725102778.537932,,
move,714,708,1725102778.5433738,,
move,716,713,1725102778.5475526,,
move,717,715,1725102778.5577362,,
move,718,718,1725102778.564071,,
move,719,720,1725102778.5705357,,
move,720,721,1725102778.5777006,,
move,720,721,1725102778.5838692,,
move,720,722,1725102778.5921574,,
move,721,723,1725102778.5991938,,
move,722,723,1725102778.61042,,
move,722,723,1725102778.6187394,,
move,722,723,1725102778.6307795,,
move,722,724,1725102778.6483514,,
move,722,725,1725102778.6596498,,
move,722,726,1725102778.6778216,,
move,722,726,1725102778.6914077,,
move,722,727,1725102778.7149398,,
move,722,728,1725102778.7192676,,
move,722,729,1725102778.7308867,,
move,723,732,1725102778.7367778,,
move,724,737,1725102778.743219,,
move,727,744,1725102778.7497704,,
move,730,754,1725102778.7576017,,
move,734,767,1725102778.764181,,
move,738,775,1725102778.7696211,,
move,741,783,1725102778.777742,,
move,742,790,1725102778.7785366,,
move,744,794,1725102778.7923536,,
move,745,799,1725102778.798592,,
move,747,805,1725102778.8046532,,
move,748,809,1725102778.8118587,,
move,751,814,1725102778.819071,,
move,753,820,1725102778.819071,,
move,754,824,1725102778.8321757,,
move,756,830,1725102778.8390665,,
move,757,832,1725102778.8468347,,
move,758,836,1725102778.852721,,
move,759,838,1725102778.8598692,,
move,760,840,1725102778.8670871,,
move,760,840,1725102778.8739147,,
move,760,842,1725102778.8808222,,
move,760,842,1725102778.8868403,,
move,760,843,1725102778.8943229,,
move,761,844,1725102778.9014502,,
move,761,845,1725102778.9157653,,
move,762,845,1725102778.9222226,,
move,762,845,1725102778.9287634,,
move,762,846,1725102778.9388893,,
move,762,846,1725102778.9486353,,
move,762,846,1725102779.0083785,,
click,162,222,1725102780.098599,Button.left,True
click,162,222,1725102780.193195,Button.left,False
move,190,223,1725102780.5778694,,
move,235,228,1725102780.5884686,,
move,264,231,1725102780.5940413,,
move,282,233,1725102780.6000946,,
move,297,236,1725102780.6090488,,
move,311,238,1725102780.615136,,
move,324,240,1725102780.6177106,,
move,336,242,1725102780.630006,,
move,348,246,1725102780.6363702,,
move,355,249,1725102780.643626,,
move,361,251,1725102780.6496942,,
move,364,253,1725102780.6570315,,
move,367,255,1725102780.663861,,
move,368,256,1725102780.667916,,
move,370,258,1725102780.6775582,,
move,371,259,1725102780.6850123,,
move,372,260,1725102780.691378,,
move,373,262,1725102780.6979668,,
move,373,263,1725102780.705287,,
move,373,264,1725102780.7076805,,
move,373,264,1725102780.7182796,,
move,373,266,1725102780.7255166,,
move,373,267,1725102780.732826,,
move,373,268,1725102780.7381537,,
move,371,270,1725102780.741613,,
move,369,273,1725102780.7491462,,
move,362,276,1725102780.758384,,
move,353,281,1725102780.7625659,,
move,341,288,1725102780.7683225,,
move,330,293,1725102780.7789023,,
move,323,296,1725102780.7868621,,
move,319,299,1725102780.79421,,
move,315,301,1725102780.7977993,,
move,312,302,1725102780.8076293,,
move,310,303,1725102780.8111267,,
move,309,304,1725102780.817732,,
move,308,304,1725102780.8281496,,
move,307,304,1725102780.8313444,,
move,306,304,1725102780.837791,,
move,306,304,1725102780.8585682,,
move,306,304,1725102780.8968253,,
move,306,304,1725102780.89963,,
move,309,303,1725102780.9082136,,
move,319,301,1725102780.9175565,,
move,346,294,1725102780.9221592,,
move,380,286,1725102780.928731,,
move,407,279,1725102780.9378977,,
move,427,274,1725102780.9411676,,
move,449,271,1725102780.9486132,,
move,466,270,1725102780.9584327,,
move,477,268,1725102780.9652731,,
move,489,268,1725102780.9712026,,
move,499,268,1725102780.9782586,,
move,509,269,1725102780.9845073,,
move,520,270,1725102780.992677,,
move,531,271,1725102780.9986386,,
move,540,274,1725102781.0067668,,
move,547,276,1725102781.012956,,
move,556,280,1725102781.0202858,,
move,562,282,1725102781.0269084,,
move,568,286,1725102781.0320113,,
move,572,289,1725102781.039103,,
move,576,292,1725102781.0475285,,
move,582,296,1725102781.0518644,,
move,587,299,1725102781.058837,,
move,592,302,1725102781.0677817,,
move,597,306,1725102781.0747733,,
move,604,311,1725102781.0796137,,
move,612,314,1725102781.0876286,,
move,621,318,1725102781.095444,,
move,628,321,1725102781.102694,,
move,635,324,1725102781.1095011,,
move,632,346,1725102781.4376853,,
move,627,369,1725102781.4503095,,
move,621,399,1725102781.458355,,
move,618,421,1725102781.4624102,,
move,615,438,1725102781.4722712,,
move,612,461,1725102781.4795496,,
move,608,490,1725102781.487021,,
move,607,518,1725102781.4889543,,
move,603,541,1725102781.4979372,,
move,602,562,1725102781.5077024,,
move,600,587,1725102781.511598,,
move,600,608,1725102781.519518,,
move,601,626,1725102781.5276678,,
move,602,641,1725102781.5312586,,
move,602,656,1725102781.5385907,,
move,603,670,1725102781.5486076,,
move,606,683,1725102781.551266,,
move,607,692,1725102781.5606043,,
move,608,699,1725102781.5684588,,
move,609,704,1725102781.574384,,
move,610,708,1725102781.579822,,
move,612,711,1725102781.5880103,,
move,612,713,1725102781.5946743,,
move,614,715,1725102781.602827,,
move,615,716,1725102781.608775,,
move,615,717,1725102781.6171482,,
move,616,717,1725102781.6239104,,
move,616,717,1725102781.628879,,
move,617,718,1725102781.6369705,,
move,618,718,1725102781.6444137,,
move,619,718,1725102781.6499195,,
move,621,718,1725102781.657785,,
move,621,718,1725102781.6626065,,
move,625,718,1725102781.6704314,,
move,628,717,1725102781.678522,,
move,633,716,1725102781.6855443,,
move,637,714,1725102781.6917381,,
move,641,712,1725102781.6995435,,
move,644,710,1725102781.7062302,,
move,646,709,1725102781.7126517,,
move,649,707,1725102781.718363,,
move,651,706,1725102781.7269003,,
move,653,704,1725102781.7328172,,
move,655,702,1725102781.740341,,
move,658,699,1725102781.7475789,,
move,658,695,1725102781.754614,,
move,661,690,1725102781.7602475,,
move,662,684,1725102781.7676034,,
move,663,676,1725102781.7748015,,
move,664,669,1725102781.7818246,,
move,664,660,1725102781.7889793,,
move,665,653,1725102781.7968357,,
move,665,647,1725102781.802545,,
move,665,641,1725102781.8085406,,
move,665,638,1725102781.8148298,,
move,665,635,1725102781.8221958,,
move,665,632,1725102781.8288274,,
move,665,632,1725102781.8365824,,
move,665,630,1725102781.8437617,,
move,665,629,1725102781.8501217,,
move,665,629,1725102781.856851,,
move,665,628,1725102781.8643775,,
move,665,627,1725102781.8705595,,
move,665,627,1725102781.8847632,,
move,665,626,1725102781.8883085,,
move,665,625,1725102781.9052274,,
move,665,624,1725102781.9183285,,
move,665,624,1725102781.9387507,,
move,665,623,1725102781.952694,,
move,665,622,1725102781.9676573,,
move,665,622,1725102781.9780805,,
move,665,621,1725102781.9870546,,
move,665,620,1725102781.9944155,,
move,665,619,1725102781.99882,,
move,665,618,1725102782.0076618,,
move,665,617,1725102782.0145106,,
move,665,616,1725102782.0214245,,
move,665,614,1725102782.0279355,,
move,665,611,1725102782.0331357,,
move,665,609,1725102782.04251,,
move,665,606,1725102782.048116,,
move,665,602,1725102782.054293,,
move,665,598,1725102782.0623562,,
move,665,595,1725102782.067853,,
move,663,590,1725102782.0718088,,
move,663,586,1725102782.0786633,,
move,663,582,1725102782.088331,,
move,663,578,1725102782.0969937,,
move,663,576,1725102782.101766,,
move,662,572,1725102782.1099946,,
move,662,569,1725102782.1179924,,
move,661,565,1725102782.1205673,,
move,660,560,1725102782.1283746,,
move,658,554,1725102782.1376362,,
move,656,547,1725102782.1437364,,
move,653,537,1725102782.1512797,,
move,652,527,1725102782.1586049,,
move,650,519,1725102782.162602,,
move,650,517,1725102782.16878,,
scroll,650,517,1725102782.1981094,0,1
scroll,650,517,1725102782.218664,0,1
scroll,650,517,1725102782.218664,0,1
scroll,650,517,1725102782.2312248,0,1
scroll,650,517,1725102782.2575428,0,1
scroll,650,517,1725102782.3609035,0,1
scroll,650,517,1725102782.8785157,0,1
scroll,650,517,1725102782.9125211,0,1
scroll,650,517,1725102782.9239209,0,1
scroll,650,517,1725102782.9725301,0,1
scroll,650,517,1725102782.9890738,0,1
click,162,231,1725102784.6596503,Button.left,True
click,162,231,1725102784.7082443,Button.left,False
scroll,768,279,1725102786.2783504,0,1
scroll,768,279,1725102786.308587,0,1
scroll,768,279,1725102786.308587,0,1
scroll,768,279,1725102786.308587,0,1
scroll,768,279,1725102786.3248317,0,1
scroll,768,279,1725102786.3576388,0,1
scroll,769,279,1725102787.0083406,0,-1
scroll,769,279,1725102787.0196643,0,-1
scroll,769,279,1725102787.0533228,0,-1
scroll,769,279,1725102787.087621,0,-1
scroll,769,279,1725102788.4818923,0,1
scroll,769,279,1725102788.5097852,0,1
scroll,769,279,1725102788.5424373,0,1
scroll,769,279,1725102788.5887396,0,1
scroll,769,279,1725102788.6086004,0,1
click,196,278,1725102793.297952,Button.left,True
click,196,278,1725102793.397574,Button.left,False
scroll,719,324,1725102795.1591878,0,-1
scroll,719,324,1725102795.1835933,0,-1
scroll,719,324,1725102795.2300916,0,-1
scroll,719,324,1725102795.2356656,0,-1
scroll,719,324,1725102795.2908266,0,-1
scroll,719,324,1725102795.7397208,0,1
scroll,719,324,1725102795.7397208,0,1
scroll,719,324,1725102795.751976,0,1
scroll,719,324,1725102795.756366,0,1
scroll,719,324,1725102795.7981896,0,1
scroll,719,324,1725102795.832007,0,1
scroll,719,324,1725102796.0988736,0,1
scroll,719,324,1725102796.1186059,0,1
scroll,719,324,1725102796.1519222,0,1
scroll,719,324,1725102796.1519222,0,1
scroll,719,324,1725102796.1953523,0,1
move,722,324,1725102796.4194844,,
move,726,325,1725102796.426719,,
move,731,326,1725102796.4337,,
scroll,731,326,1725102796.4402242,0,1
move,735,327,1725102796.4402242,,
move,740,329,1725102796.4477775,,
move,749,330,1725102796.4533591,,
move,759,332,1725102796.461759,,
move,775,336,1725102796.4676044,,
move,790,338,1725102796.475439,,
scroll,790,338,1725102796.477553,0,1
scroll,790,338,1725102796.481491,0,1
move,803,341,1725102796.4821699,,
scroll,790,338,1725102796.4821699,0,1
scroll,803,341,1725102796.4883456,0,1
move,815,342,1725102796.4889915,,
move,825,345,1725102796.4956627,,
move,837,348,1725102796.5015502,,
move,851,350,1725102796.509489,,
move,866,353,1725102796.5154164,,
move,880,356,1725102796.5179632,,
move,892,359,1725102796.5299535,,
scroll,892,359,1725102796.532772,0,1
move,902,361,1725102796.5367625,,
move,911,362,1725102796.5434642,,
move,918,365,1725102796.5501373,,
move,922,367,1725102796.5576217,,
move,927,368,1725102796.5645795,,
move,930,369,1725102796.5711055,,
move,934,371,1725102796.5777173,,
move,937,372,1725102796.5853057,,
move,938,373,1725102796.5918121,,
move,941,374,1725102796.5988765,,
move,942,374,1725102796.6061184,,
move,943,375,1725102796.612624,,
move,943,375,1725102796.6178179,,
move,944,376,1725102796.6266587,,
move,945,376,1725102796.6318016,,
move,945,376,1725102796.638937,,
move,945,376,1725102796.647073,,
move,945,377,1725102796.6532836,,
move,946,377,1725102796.6582363,,
move,946,378,1725102796.6788197,,
scroll,946,378,1725102796.7385528,0,1
move,946,378,1725102796.7482762,,
scroll,946,378,1725102796.7584465,0,1
move,946,378,1725102796.7677295,,
move,945,378,1725102796.797561,,
scroll,945,378,1725102796.797561,0,1
scroll,945,378,1725102796.797561,0,1
move,944,378,1725102796.8080158,,
scroll,944,378,1725102796.8139195,0,1
move,944,378,1725102796.8988726,,
move,944,377,1725102796.9181485,,
move,944,377,1725102796.9321642,,
move,944,376,1725102796.9479175,,
move,944,376,1725102796.9595342,,
move,944,375,1725102796.9676247,,
move,944,375,1725102796.989363,,
move,944,374,1725102797.0277355,,
move,945,374,1725102797.0368173,,
scroll,945,374,1725102797.1316137,0,1
scroll,945,374,1725102797.1316137,0,1
scroll,945,374,1725102797.1515107,0,1
scroll,945,374,1725102797.177972,0,1
scroll,945,374,1725102797.1795487,0,1
scroll,945,374,1725102797.2505212,0,1
scroll,945,374,1725102797.4376326,0,1
scroll,945,374,1725102797.4677372,0,1
scroll,945,374,1725102797.4684775,0,1
scroll,945,374,1725102797.4729357,0,1
scroll,945,374,1725102797.5129335,0,1
scroll,945,374,1725102797.7476814,0,1
scroll,945,374,1725102797.7779572,0,1
scroll,945,374,1725102797.7779572,0,1
scroll,945,374,1725102797.7830627,0,1
move,946,371,1725102797.7988677,,
move,947,368,1725102797.7996478,,
move,948,365,1725102797.81321,,
move,949,361,1725102797.8179224,,
move,950,358,1725102797.8266847,,
move,951,356,1725102797.8291383,,
scroll,951,356,1725102797.8343775,0,1
move,952,355,1725102797.8377588,,
move,952,354,1725102797.8473797,,
move,953,353,1725102797.8544178,,
move,953,353,1725102797.8669138,,
move,953,352,1725102797.8826263,,
move,954,352,1725102797.8885667,,
move,954,352,1725102797.9319563,,
move,954,352,1725102797.9475884,,
move,954,353,1725102797.9783032,,
move,954,354,1725102797.997998,,
move,954,354,1725102798.01078,,
move,954,354,1725102798.01842,,
move,954,355,1725102798.0275648,,
scroll,954,355,1725102798.0381446,0,1
move,954,356,1725102798.0468588,,
scroll,954,356,1725102798.0634074,0,1
move,954,356,1725102798.0709476,,
move,953,356,1725102798.0868955,,
move,953,357,1725102798.0925622,,
scroll,953,357,1725102798.0925622,0,1
scroll,953,357,1725102798.0971262,0,1
scroll,953,357,1725102798.111709,0,1
move,952,357,1725102798.1127162,,
move,952,357,1725102798.1481984,,
move,952,357,1725102798.1685445,,
move,952,356,1725102798.1821437,,
move,952,355,1725102798.1969361,,
move,952,355,1725102798.2102463,,
move,952,354,1725102798.2277515,,
move,952,353,1725102798.2449121,,
move,952,353,1725102798.263788,,
move,951,352,1725102798.2678487,,
move,951,351,1725102798.278138,,
move,951,350,1725102798.278138,,
move,951,350,1725102798.2917936,,
move,950,349,1725102798.2984984,,
move,950,348,1725102798.3129253,,
move,949,348,1725102798.3192492,,
move,949,346,1725102798.3269277,,
move,949,344,1725102798.3330722,,
move,948,342,1725102798.3407135,,
move,946,339,1725102798.3478508,,
move,944,335,1725102798.3540065,,
move,943,332,1725102798.3608963,,
move,941,329,1725102798.3683345,,
move,939,327,1725102798.3753521,,
move,938,324,1725102798.3820782,,
move,936,322,1725102798.3876362,,
move,936,320,1725102798.3911896,,
move,934,319,1725102798.4027598,,
move,934,317,1725102798.4094994,,
move,932,315,1725102798.4162931,,
move,931,314,1725102798.4236276,,
move,931,313,1725102798.4284003,,
move,929,310,1725102798.4375837,,
move,926,308,1725102798.4444313,,
move,920,305,1725102798.4481976,,
move,910,301,1725102798.4569857,,
move,895,295,1725102798.45792,,
move,875,291,1725102798.4681842,,
move,859,291,1725102798.9185328,,
move,840,293,1725102798.9309645,,
move,822,296,1725102798.936841,,
move,805,297,1725102798.9435601,,
move,788,300,1725102798.947914,,
move,776,301,1725102798.9585524,,
move,766,301,1725102798.9645522,,
move,761,301,1725102798.9721272,,
move,756,302,1725102798.978475,,
move,752,302,1725102798.9853957,,
move,748,303,1725102798.9921172,,
move,743,303,1725102798.9981534,,
move,736,306,1725102799.0055127,,
move,727,307,1725102799.0075557,,
move,715,309,1725102799.0199428,,
move,704,311,1725102799.0269578,,
move,692,313,1725102799.029484,,
move,680,316,1725102799.0377722,,
move,666,319,1725102799.0472856,,
move,651,323,1725102799.0547361,,
move,639,326,1725102799.0578258,,
move,628,330,1725102799.0678835,,
move,620,332,1725102799.0750053,,
move,613,333,1725102799.0778985,,
move,608,335,1725102799.0878618,,
move,605,336,1725102799.093153,,
move,602,336,1725102799.0989542,,
move,598,337,1725102799.1086602,,
move,593,338,1725102799.1150024,,
move,581,340,1725102799.123362,,
move,560,343,1725102799.1281738,,
move,528,345,1725102799.1367526,,
move,483,349,1725102799.1417122,,
move,433,358,1725102799.1482773,,
move,400,364,1725102799.1556268,,
move,380,368,1725102799.1644173,,
move,369,368,1725102799.1692295,,
move,359,370,1725102799.1775534,,
move,352,370,1725102799.1798246,,
move,347,370,1725102799.1878352,,
move,343,370,1725102799.1978104,,
move,340,370,1725102799.2025669,,
move,338,370,1725102799.2091737,,
move,337,369,1725102799.2182825,,
move,336,369,1725102799.2227988,,
move,334,368,1725102799.228669,,
move,334,367,1725102799.2386546,,
move,333,367,1725102799.2425141,,
move,332,366,1725102799.2509103,,
move,331,366,1725102799.2583964,,
move,330,364,1725102799.265928,,
move,329,363,1725102799.270329,,
move,328,363,1725102799.2787435,,
move,327,361,1725102799.2868931,,
move,326,359,1725102799.2904592,,
move,325,358,1725102799.2994092,,
move,324,357,1725102799.3078125,,
move,324,355,1725102799.3141966,,
move,324,355,1725102799.3209188,,
move,323,353,1725102799.3277102,,
move,322,352,1725102799.3328934,,
move,321,351,1725102799.3395538,,
move,321,350,1725102799.3489845,,
move,321,348,1725102799.3543215,,
move,321,348,1725102799.3619711,,
move,321,346,1725102799.3692706,,
move,320,345,1725102799.3763788,,
move,320,344,1725102799.3817806,,
move,320,342,1725102799.3881972,,
move,320,340,1725102799.3968813,,
move,320,338,1725102799.4020016,,
move,320,334,1725102799.4102514,,
move,320,332,1725102799.4175913,,
move,320,328,1725102799.423953,,
move,321,325,1725102799.4296198,,
move,321,322,1725102799.4377143,,
move,321,320,1725102799.4438136,,
move,321,318,1725102799.4515743,,
move,321,315,1725102799.4578364,,
move,321,315,1725102799.4653044,,
move,322,313,1725102799.4715478,,
move,322,312,1725102799.4781659,,
move,322,312,1725102799.4848626,,
move,322,310,1725102799.4930263,,
move,322,309,1725102799.498527,,
move,322,309,1725102799.5067492,,
move,323,309,1725102799.5131893,,
move,323,308,1725102799.520121,,
move,323,307,1725102799.534709,,
move,324,307,1725102799.5556567,,
move,324,306,1725102799.5682359,,
move,324,306,1725102799.5754478,,
move,324,305,1725102799.582074,,
move,324,304,1725102799.6307013,,
move,324,304,1725102799.6580632,,
move,325,303,1725102799.7176268,,
click,325,303,1725102799.9295626,Button.left,True
click,325,303,1725102800.1482852,Button.left,False
click,206,232,1725102800.5279925,Button.left,True
click,206,232,1725102800.6158137,Button.left,False
move,206,230,1725102800.8583128,,
move,205,227,1725102800.869932,,
move,204,224,1725102800.8785653,,
move,203,221,1725102800.8836648,,
move,202,220,1725102800.887957,,
move,202,218,1725102800.8984222,,
move,201,216,1725102800.9026515,,
move,200,215,1725102800.907809,,
move,200,214,1725102800.9181843,,
move,199,213,1725102800.9276404,,
move,199,212,1725102800.9308167,,
move,199,211,1725102800.93849,,
move,199,210,1725102800.9471512,,
move,198,209,1725102800.948538,,
move,197,209,1725102800.9683235,,
move,197,208,1725102800.9724395,,
move,197,207,1725102800.988178,,
move,197,207,1725102801.0779681,,
move,197,208,1725102801.127911,,
move,197,208,1725102801.1444943,,
move,198,208,1725102801.207528,,
move,198,208,1725102801.2475445,,
move,199,208,1725102801.267935,,
move,200,208,1725102801.2968097,,
move,200,208,1725102801.3179297,,
move,201,208,1725102801.467891,,
move,202,208,1725102801.4785147,,
move,203,207,1725102801.4935408,,
scroll,203,207,1725102801.6371796,0,1
scroll,203,207,1725102801.6377106,0,1
scroll,203,207,1725102801.6577103,0,1
scroll,203,207,1725102801.6848042,0,1
click,203,207,1725102801.712989,Button.left,True
click,203,207,1725102801.9376209,Button.left,False
move,234,208,1725102802.4585612,,
move,276,210,1725102802.4677362,,
move,323,210,1725102802.4768302,,
move,371,212,1725102802.482769,,
move,412,212,1725102802.4901428,,
move,457,214,1725102802.4970374,,
move,502,216,1725102802.4986234,,
move,536,218,1725102802.507761,,
move,575,222,1725102802.5179415,,
move,613,224,1725102802.523188,,
move,645,226,1725102802.5310478,,
move,666,228,1725102802.5386386,,
move,691,229,1725102802.5446875,,
move,708,229,1725102802.5517116,,
move,723,229,1725102802.5583224,,
move,733,229,1725102802.5659788,,
move,740,231,1725102802.5734112,,
move,743,231,1725102802.5788326,,
move,746,231,1725102802.5869384,,
move,748,231,1725102802.5931187,,
move,748,231,1725102802.5995898,,
move,749,231,1725102802.6070437,,
move,749,231,1725102802.6136005,,
move,750,231,1725102802.6204412,,
move,750,230,1725102802.6273606,,
move,750,230,1725102802.6341927,,
move,750,229,1725102802.6378596,,
click,750,229,1725102802.9176774,Button.left,True
click,750,229,1725102803.1469061,Button.left,False
move,601,264,1725102803.367868,,
move,671,252,1725102803.367868,,
move,727,243,1725102803.3783967,,
move,777,234,1725102803.3876827,,
move,833,224,1725102803.3904474,,
move,879,218,1725102803.3999884,,
move,931,211,1725102803.4077353,,
move,983,206,1725102803.414541,,
move,1022,202,1725102803.422186,,
move,1050,200,1725102803.4296877,,
move,1078,199,1725102803.4321299,,
move,1100,197,1725102803.4390147,,
move,1112,196,1725102803.449395,,
move,1117,196,1725102803.4572282,,
move,1122,196,1725102803.463804,,
move,1126,197,1725102803.4678905,,
move,1129,197,1725102803.4778464,,
move,1131,198,1725102803.4815042,,
move,1132,198,1725102803.4881282,,
move,1117,216,1725102803.9022574,,
move,1081,252,1725102803.908494,,
move,1045,288,1725102803.9151466,,
move,1021,314,1725102803.9228616,,
move,1000,339,1725102803.9282217,,
move,983,366,1725102803.937237,,
move,964,391,1725102803.9385197,,
move,945,415,1725102803.9485059,,
move,928,434,1725102803.9569576,,
move,914,449,1725102803.962782,,
move,906,460,1725102803.971059,,
move,897,473,1725102803.977832,,
move,893,483,1725102803.9801483,,
move,888,491,1725102803.9898074,,
move,886,498,1725102803.998336,,
move,884,502,1725102804.00437,,
move,884,505,1725102804.0126493,,
move,883,506,1725102804.0189226,,
move,883,508,1725102804.021856,,
move,883,509,1725102804.0287209,,
move,883,511,1725102804.0383918,,
move,883,512,1725102804.0471513,,
move,884,514,1725102804.0512688,,
move,890,516,1725102804.0596073,,
move,906,519,1725102804.0675814,,
move,942,518,1725102804.0730755,,
move,995,507,1725102804.0783648,,
move,1046,493,1725102804.0878532,,
move,1080,483,1725102804.091242,,
move,1102,475,1725102804.0988748,,
move,1117,469,1725102804.1077797,,
move,1131,464,1725102804.111974,,
move,1143,461,1725102804.12208,,
move,1155,460,1725102804.1286101,,
move,1163,458,1725102804.1346998,,
move,1167,458,1725102804.1405292,,
move,1171,458,1725102804.1482284,,
move,1172,458,1725102804.1549845,,
move,1174,458,1725102804.1626267,,
move,1176,459,1725102804.1681838,,
move,1177,459,1725102804.1775317,,
move,1178,459,1725102804.1841688,,
move,1179,459,1725102804.1891632,,
move,1179,459,1725102804.1977732,,
move,1180,460,1725102804.2030542,,
move,1181,460,1725102804.2093778,,
move,1182,461,1725102804.2251172,,
move,1182,461,1725102804.2439773,,
move,1182,461,1725102804.2870662,,
move,1182,461,1725102804.3077316,,
move,1182,460,1725102804.3196003,,
move,1182,459,1725102804.3367944,,
move,1184,456,1725102804.3385918,,
move,1192,446,1725102804.3488517,,
move,1234,415,1725102804.3550694,,
move,1309,359,1725102804.3620772,,
move,1382,317,1725102804.3686864,,
move,1442,284,1725102804.3767798,,
move,1508,256,1725102804.382851,,
move,1569,234,1725102804.3879018,,
move,1631,212,1725102804.3969438,,
move,1699,189,1725102804.40367,,
move,1754,170,1725102804.4103289,,
move,1811,154,1725102804.4172475,,
move,1869,134,1725102804.421096,,
move,1914,119,1725102804.4312832,,
move,1949,106,1725102804.4384208,,
move,1945,93,1725102804.4448934,,
move,1934,86,1725102804.4520636,,
move,1927,77,1725102804.458338,,
move,1920,67,1725102804.4593902,,
move,1917,58,1725102804.4727952,,
move,1904,47,1725102804.7721632,,
move,1887,33,1725102804.7802043,,
move,1865,15,1725102804.7881675,,
move,1844,-1,1725102804.7922397,,
move,1829,-12,1725102804.7997162,,
move,1819,-8,1725102804.8080199,,
move,1809,-6,1725102804.8144267,,
move,1802,-5,1725102804.8210065,,
move,1796,-5,1725102804.8281865,,
move,1790,-4,1725102804.8357034,,
move,1784,-3,1725102804.8416831,,
move,1780,-1,1725102804.8484213,,
move,1776,-2,1725102804.855304,,
move,1774,0,1725102804.86301,,
move,1771,-1,1725102804.8692212,,
move,1769,0,1725102804.8766725,,
move,1768,-1,1725102804.883528,,
move,1767,0,1725102804.8893147,,
move,1766,0,1725102804.8967998,,
move,1766,0,1725102804.9042778,,
move,1765,0,1725102804.9104204,,
move,1764,0,1725102804.9178996,,
move,1763,0,1725102804.9251401,,
move,1763,0,1725102804.9310951,,
move,1762,0,1725102804.9381893,,
move,1761,0,1725102804.952199,,
move,1761,0,1725102804.9655232,,
move,1761,1,1725102804.9733531,,
move,1761,2,1725102804.986803,,
move,1761,3,1725102804.993573,,
move,1761,3,1725102805.0001106,,
move,1761,4,1725102805.0077484,,
move,1761,5,1725102805.0146544,,
move,1761,5,1725102805.0210414,,
move,1761,6,1725102805.0271075,,
move,1761,8,1725102805.0347931,,
move,1760,8,1725102805.0381951,,
move,1760,9,1725102805.047607,,
move,1760,11,1725102805.0493195,,
move,1760,11,1725102805.058368,,
move,1760,12,1725102805.067556,,
move,1760,13,1725102805.0789182,,
move,1760,13,1725102805.0876184,,
move,1760,14,1725102805.0904763,,
move,1760,15,1725102805.10776,,
move,1760,15,1725102805.1485004,,
move,1760,15,1725102805.1600542,,
move,1760,15,1725102805.168076,,
move,1761,15,1725102805.1820214,,
move,1762,15,1725102805.1978452,,
move,1762,15,1725102805.2236285,,
move,1763,15,1725102805.257809,,
move,1764,15,1725102805.272701,,
move,1765,15,1725102805.2922194,,
move,1765,15,1725102805.307587,,
move,1766,15,1725102805.3211899,,
move,1767,15,1725102805.3383458,,
move,1767,15,1725102805.3479786,,
move,1768,15,1725102805.359823,,
move,1768,16,1725102805.367988,,
move,1769,16,1725102805.3771262,,
move,1770,16,1725102805.3913395,,
move,1770,16,1725102805.3968523,,
move,1770,16,1725102805.4077895,,
move,1771,16,1725102805.4226305,,
move,1771,17,1725102805.6103137,,
move,1771,18,1725102805.6223617,,
move,1771,18,1725102805.6379547,,
move,1771,19,1725102805.638863,,
move,1771,20,1725102805.6492336,,
move,1771,21,1725102805.6581495,,
move,1769,24,1725102805.665176,,
move,1767,28,1725102805.6717432,,
move,1763,36,1725102805.6783733,,
move,1758,45,1725102805.6809013,,
move,1751,58,1725102805.6889887,,
move,1742,72,1725102805.6990993,,
move,1732,89,1725102805.7051466,,
move,1712,119,1725102805.7075713,,
move,1677,161,1725102805.7186685,,
move,1638,198,1725102805.7268434,,
move,1606,236,1725102805.7299411,,
move,1578,271,1725102805.7382987,,
move,1550,303,1725102805.746831,,
move,1521,330,1725102805.7517052,,
move,1501,352,1725102805.757756,,
move,1487,368,1725102805.7681942,,
move,1477,379,1725102805.771729,,
move,1472,389,1725102805.7787325,,
move,1467,398,1725102805.7885065,,
move,1463,406,1725102805.7926528,,
move,1459,413,1725102805.8001695,,
move,1455,424,1725102805.808293,,
move,1450,436,1725102805.8138201,,
move,1444,450,1725102805.8222215,,
move,1439,463,1725102805.8292542,,
move,1405,472,1725102810.5469043,,
move,1362,479,1725102810.5525064,,
move,1326,485,1725102810.5576644,,
move,1287,491,1725102810.5685887,,
move,1245,495,1725102810.5685887,,
move,1216,497,1725102810.5776937,,
move,1195,499,1725102810.588406,,
move,1177,500,1725102810.588406,,
move,1156,501,1725102810.599517,,
move,1139,503,1725102810.608085,,
move,1123,503,1725102810.6156163,,
move,1104,504,1725102810.6176577,,
move,1077,504,1725102810.6283333,,
move,1043,504,1725102810.6313589,,
move,1019,504,1725102810.6379042,,
move,1002,504,1725102810.6486957,,
move,987,503,1725102810.6567345,,
move,975,501,1725102810.6628306,,
move,963,500,1725102810.6684108,,
move,956,499,1725102810.677517,,
move,949,498,1725102810.6785693,,
move,945,495,1725102810.6881952,,
move,942,495,1725102810.6977727,,
move,940,494,1725102810.6977727,,
move,925,494,1725102811.078102,,
move,914,492,1725102811.0877938,,
move,907,492,1725102811.0913324,,
move,903,491,1725102811.0983906,,
move,900,491,1725102811.10799,,
move,899,491,1725102811.1170518,,
move,897,491,1725102811.1230474,,
move,895,491,1725102811.1286173,,
move,895,491,1725102811.1384637,,
move,894,491,1725102811.147581,,
move,893,491,1725102811.1583805,,
move,893,491,1725102811.1779687,,
move,892,491,1725102811.192074,,
move,892,491,1725102811.3782067,,
move,892,490,1725102811.4075592,,
move,892,489,1725102811.4230692,,
move,892,489,1725102811.4385164,,
move,892,488,1725102811.4586978,,
move,892,487,1725102811.4707835,,
move,891,487,1725102811.4787464,,
move,891,486,1725102811.4867666,,
move,890,486,1725102811.4930747,,
move,890,485,1725102811.4987652,,
move,890,484,1725102811.5068252,,
move,890,484,1725102811.5123973,,
move,890,483,1725102811.5180905,,
move,889,483,1725102811.5278463,,
move,889,482,1725102811.5339403,,
move,888,481,1725102811.537989,,
move,888,481,1725102811.5487046,,
move,888,480,1725102811.5567875,,
move,888,479,1725102811.5619454,,
move,888,479,1725102811.581145,,
move,888,478,1725102811.596873,,
move,888,477,1725102811.608292,,
move,888,477,1725102811.7677824,,
move,888,477,1725102811.8687804,,
move,888,477,1725102811.9305983,,
move,889,477,1725102812.018211,,
move,889,480,1725102819.8075998,,
move,887,486,1725102819.820803,,
move,883,492,1725102819.8278463,,
move,881,497,1725102819.831876,,
move,878,500,1725102819.8375397,,
move,876,504,1725102819.8487253,,
move,874,507,1725102819.852779,,
move,872,510,1725102819.8578217,,
move,869,514,1725102819.8690612,,
move,867,517,1725102819.8690612,,
move,864,521,1725102819.8839147,,
move,861,525,1725102819.888789,,
move,858,530,1725102819.8968432,,
move,854,536,1725102819.8999217,,
move,850,543,1725102819.9085054,,
move,847,550,1725102819.9170804,,
move,844,556,1725102819.9176471,,
move,842,562,1725102819.9279773,,
move,839,566,1725102819.937788,,
move,838,570,1725102819.9455214,,
move,836,572,1725102819.9487848,,
move,835,574,1725102819.957872,,
move,834,577,1725102819.9634345,,
move,834,579,1725102819.968593,,
move,833,580,1725102819.979344,,
move,832,582,1725102819.9868894,,
move,831,583,1725102819.987939,,
move,831,584,1725102819.9985821,,
move,831,585,1725102820.007757,,
move,830,586,1725102820.0113285,,
move,830,587,1725102820.0187333,,
move,830,587,1725102820.0187333,,
move,830,588,1725102820.0319066,,
move,829,589,1725102820.0471203,,
move,828,589,1725102820.0591557,,
move,828,589,1725102820.1182156,,
move,828,589,1725102820.1278431,,
move,828,588,1725102820.1478915,,
move,828,588,1725102820.1569774,,
move,828,587,1725102820.1580036,,
move,828,585,1725102820.1706533,,
move,828,584,1725102820.1778016,,
move,827,582,1725102820.1823583,,
move,827,579,1725102820.1891596,,
move,827,577,1725102820.1977358,,
move,827,574,1725102820.2032886,,
move,827,572,1725102820.208424,,
move,827,571,1725102820.2190988,,
move,827,570,1725102820.2271326,,
move,827,569,1725102820.2282898,,
move,827,569,1725102820.2379093,,
move,827,568,1725102820.2468808,,
move,827,567,1725102820.250924,,
move,827,567,1725102820.2579737,,
move,827,566,1725102820.2779377,,
move,827,565,1725102820.2886055,,
move,827,563,1725102820.6176481,,
move,829,559,1725102820.6176481,,
move,831,556,1725102820.6280558,,
move,834,551,1725102820.6377523,,
move,841,543,1725102820.6386375,,
move,851,529,1725102820.6478047,,
move,869,509,1725102820.6579936,,
move,890,484,1725102820.6634338,,
move,912,466,1725102820.6679819,,
move,928,450,1725102820.679168,,
move,948,436,1725102820.6792738,,
move,970,426,1725102820.6878154,,
move,983,420,1725102820.6988614,,
move,987,416,1725102820.6988614,,
move,999,416,1725102820.7109709,,
move,1062,387,1725102821.2081652,,
move,1128,353,1725102821.2177541,,
move,1200,325,1725102821.2268057,,
move,1259,301,1725102821.232244,,
move,1306,285,1725102821.2381628,,
move,1357,273,1725102821.2472363,,
move,1394,263,1725102821.2549853,,
move,1427,257,1725102821.257532,,
move,1463,251,1725102821.2676318,,
move,1500,243,1725102821.2676318,,
move,1530,235,1725102821.2795491,,
move,1553,231,1725102821.2876213,,
move,1583,225,1725102821.2954197,,
move,1613,217,1725102821.2985773,,
move,1637,209,1725102821.3084521,,
move,1655,203,1725102821.3135417,,
move,1669,197,1725102821.3193455,,
move,1681,193,1725102821.3275402,,
move,1692,189,1725102821.3371105,,
move,1699,187,1725102821.3385303,,
move,1703,186,1725102821.347702,,
move,1703,185,1725102821.3577342,,
move,1704,185,1725102821.3604293,,
move,1705,185,1725102821.3677988,,
move,1705,185,1725102821.4803338,,
move,1705,186,1725102821.5085819,,
move,1705,186,1725102821.528839,,
move,1705,186,1725102821.528839,,
move,1705,187,1725102821.5378969,,
move,1704,189,1725102821.5484242,,
move,1703,192,1725102821.5535362,,
move,1701,201,1725102821.560724,,
move,1697,212,1725102821.5681705,,
move,1693,221,1725102821.5768018,,
move,1690,229,1725102821.5836487,,
move,1687,237,1725102821.5897045,,
move,1686,241,1725102821.5977528,,
move,1684,245,1725102821.6025746,,
move,1682,249,1725102821.6093652,,
move,1681,252,1725102821.6175816,,
move,1680,253,1725102821.6225111,,
move,1679,255,1725102821.629642,,
move,1678,257,1725102821.6383593,,
move,1678,258,1725102821.6441615,,
move,1677,260,1725102821.6500707,,
move,1677,261,1725102821.6588612,,
move,1677,261,1725102821.664368,,
scroll,1677,261,1725102821.667911,0,1
move,1677,263,1725102821.6710448,,
move,1677,264,1725102821.678343,,
move,1676,264,1725102821.6849651,,
move,1676,265,1725102821.6926346,,
move,1675,265,1725102821.698705,,
move,1675,266,1725102821.7067232,,
move,1675,267,1725102821.713751,,
move,1675,267,1725102821.7274446,,
move,1675,267,1725102821.80967,,
move,1675,267,1725102821.8482652,,
move,1675,266,1725102821.868129,,
move,1675,265,1725102821.8998702,,
move,1675,265,1725102821.918332,,
move,1675,265,1725102821.9387002,,
move,1672,266,1725102822.2753496,,
move,1669,269,1725102822.2821689,,
move,1663,274,1725102822.2885704,,
move,1658,278,1725102822.296723,,
move,1650,283,1725102822.302434,,
move,1646,286,1725102822.3096178,,
move,1642,287,1725102822.3176885,,
move,1638,290,1725102822.323542,,
move,1636,291,1725102822.330576,,
move,1634,293,1725102822.3383498,,
move,1632,293,1725102822.3445578,,
move,1632,293,1725102822.3515759,,
move,1631,294,1725102822.3581626,,
move,1630,294,1725102822.3655257,,
move,1630,294,1725102822.3729677,,
move,1629,294,1725102822.3786552,,
move,1628,294,1725102822.3926582,,
move,1627,294,1725102822.4135447,,
move,1627,294,1725102822.428575,,
move,1627,294,1725102822.447748,,
move,1627,293,1725102822.4690652,,
move,1627,292,1725102822.4776578,,
move,1627,292,1725102822.4888854,,
move,1627,292,1725102822.4914286,,
move,1627,291,1725102822.5171185,,
move,1627,290,1725102822.5283792,,
move,1628,289,1725102822.5389893,,
move,1629,289,1725102822.5584154,,
move,1629,288,1725102822.5710118,,
move,1629,288,1725102822.578155,,
move,1629,287,1725102822.578155,,
move,1629,286,1725102822.587772,,
move,1630,285,1725102822.5982754,,
move,1630,284,1725102822.6028032,,
move,1631,284,1725102822.607836,,
move,1631,282,1725102822.6184585,,
move,1631,281,1725102822.627569,,
move,1631,281,1725102822.627569,,
move,1631,280,1725102822.6381223,,
move,1632,279,1725102822.648405,,
move,1632,279,1725102822.6499155,,
move,1633,278,1725102822.6586995,,
move,1633,277,1725102822.6667502,,
move,1633,276,1725102822.6678026,,
move,1634,276,1725102822.6782558,,
move,1634,276,1725102822.6878736,,
move,1634,275,1725102822.7079494,,
move,1634,274,1725102822.788404,,
move,1634,274,1725102822.948689,,
move,1634,273,1725102822.987985,,
move,1634,272,1725102823.0178013,,
move,1634,271,1725102823.037954,,
move,1634,271,1725102823.0490487,,
move,1634,270,1725102823.0646038,,
move,1634,269,1725102823.0805202,,
move,1634,269,1725102823.2568846,,
move,1634,269,1725102823.4077673,,
move,1634,270,1725102823.6767771,,
move,1634,270,1725102823.757649,,
move,1633,270,1725102823.788183,,
move,1633,271,1725102823.7977192,,
move,1632,271,1725102823.8022323,,
move,1632,272,1725102823.8178926,,
move,1632,272,1725102823.8178926,,
move,1632,273,1725102823.8278,,
move,1631,273,1725102823.8381834,,
move,1631,273,1725102823.8472114,,
move,1630,274,1725102823.8502438,,
move,1630,275,1725102823.858761,,
move,1630,275,1725102823.8667824,,
move,1628,276,1725102823.8744798,,
move,1625,278,1725102823.878754,,
move,1616,283,1725102823.8878202,,
move,1596,291,1725102823.8903675,,
move,1555,303,1725102823.8985472,,
move,1523,318,1725102823.907629,,
move,1487,332,1725102823.907629,,
move,1455,348,1725102823.922114,,
move,1425,366,1725102823.9276757,,
move,1398,381,1725102823.9276757,,
move,1381,392,1725102823.9383948,,
move,1367,401,1725102823.947952,,
move,1347,410,1725102823.9570725,,
move,1325,420,1725102823.9581912,,
move,1303,431,1725102823.969322,,
move,1281,439,1725102823.9768403,,
move,1249,453,1725102823.978417,,
move,1215,463,1725102823.9879973,,
move,1186,474,1725102823.9978044,,
move,1169,480,1725102824.0013273,,
move,1155,486,1725102824.0089216,,
move,1144,490,1725102824.017629,,
move,1134,492,1725102824.017629,,
move,1125,495,1725102824.0285418,,
move,1118,496,1725102824.037645,,
move,1113,497,1725102824.037645,,
move,1110,497,1725102824.0506444,,
move,1108,497,1725102824.057707,,
move,1106,497,1725102824.0652359,,
move,1103,496,1725102824.0681543,,
move,1098,496,1725102824.0776827,,
move,1092,494,1725102824.0872161,,
move,1086,494,1725102824.0885148,,
move,1771,24,1725102825.1769087,,
move,1769,25,1725102825.1786668,,
move,1769,25,1725102825.189337,,
move,1767,25,1725102825.1979089,,
move,1767,25,1725102825.1984184,,
move,1765,25,1725102825.2076917,,
move,1766,25,1725102825.2185168,,
move,1766,25,1725102825.2218356,,
move,1765,25,1725102825.2282205,,
move,1764,25,1725102825.2382233,,
move,1763,25,1725102825.2523265,,
move,1763,25,1725102825.2584436,,
move,1760,25,1725102825.2584436,,
move,1759,25,1725102825.2675653,,
move,1755,25,1725102825.2778592,,
move,1748,26,1725102825.2871547,,
move,1738,27,1725102825.2882202,,
move,1728,29,1725102825.2993197,,
move,1719,31,1725102825.3076487,,
move,1715,31,1725102825.3146513,,
move,1712,32,1725102825.3177328,,
move,1711,33,1725102825.3281715,,
move,1709,33,1725102825.3307312,,
move,1707,33,1725102825.3409564,,
move,1707,34,1725102825.3489144,,
move,1706,34,1725102825.3525422,,
move,1705,34,1725102825.3626735,,
move,1705,34,1725102825.3683536,,
move,1704,35,1725102825.3755832,,
move,1703,35,1725102825.3975801,,
move,1702,35,1725102825.4080992,,
move,1702,35,1725102825.4233165,,
move,1702,35,1725102825.4983594,,
move,1702,35,1725102825.5128856,,
move,1702,34,1725102825.528665,,
move,1702,34,1725102825.55289,,
move,1702,34,1725102825.5679936,,
move,1703,34,1725102825.578218,,
move,1703,34,1725102825.6481676,,
move,1704,34,1725102825.8151386,,
move,1704,34,1725102825.8276184,,
move,1704,34,1725102825.8542354,,
move,1705,34,1725102825.8891666,,
move,1706,34,1725102825.9178696,,
move,1706,34,1725102825.9307828,,
move,1707,34,1725102825.9450722,,
move,1709,34,1725102825.9524019,,
move,1709,35,1725102825.9580197,,
move,1711,36,1725102825.9605632,,
move,1714,37,1725102825.9717236,,
move,1715,38,1725102825.97866,,
move,1718,39,1725102825.97866,,
move,1721,40,1725102825.9927483,,
move,1723,41,1725102825.99976,,
move,1724,43,1725102826.0081134,,
move,1726,44,1725102826.014578,,
move,1728,45,1725102826.0210316,,
move,1731,47,1725102826.0275698,,
move,1732,47,1725102826.0281727,,
move,1733,48,1725102826.0416408,,
move,1735,49,1725102826.0486712,,
move,1735,50,1725102826.0556693,,
move,1737,50,1725102826.0621905,,
move,1738,51,1725102826.0689595,,
move,1738,51,1725102826.0689595,,
move,1739,51,1725102826.0786457,,
move,1740,52,1725102826.0898345,,
move,1740,52,1725102826.097143,,
move,1741,53,1725102826.1022906,,
move,1741,53,1725102826.1170359,,
move,1742,53,1725102826.118453,,
move,1743,53,1725102826.1366992,,
move,1743,54,1725102826.14515,,
move,1744,54,1725102826.1478183,,
move,1745,55,1725102826.157943,,
move,1745,55,1725102826.163506,,
move,1746,55,1725102826.16762,,
move,1748,55,1725102826.179144,,
move,1748,55,1725102826.1815798,,
move,1749,56,1725102826.1916072,,
move,1749,57,1725102826.1985197,,
move,1750,58,1725102826.1985197,,
move,1750,58,1725102826.2076674,,
move,1751,59,1725102826.2186868,,
move,1752,60,1725102826.2270825,,
move,1753,61,1725102826.2331321,,
move,1753,62,1725102826.2405272,,
move,1753,63,1725102826.2469714,,
move,1753,64,1725102826.2535021,,
move,1754,66,1725102826.2596931,,
move,1754,67,1725102826.2680156,,
move,1755,70,1725102826.273866,,
move,1755,73,1725102826.2807217,,
move,1756,76,1725102826.2888777,,
move,1756,80,1725102826.290919,,
move,1756,84,1725102826.2977874,,
move,1756,89,1725102826.3082135,,
move,1756,95,1725102826.3146877,,
move,1755,100,1725102826.322472,,
move,1755,104,1725102826.3295047,,
move,1754,108,1725102826.3334942,,
move,1754,111,1725102826.3396733,,
move,1754,114,1725102826.3501956,,
move,1753,116,1725102826.354968,,
move,1753,118,1725102826.3637812,,
move,1752,120,1725102826.3701947,,
move,1752,121,1725102826.3767776,,
move,1752,122,1725102826.3822982,,
move,1751,123,1725102826.3884177,,
move,1751,124,1725102826.397947,,
move,1751,124,1725102826.404314,,
move,1751,125,1725102826.409491,,
move,1751,126,1725102826.423748,,
move,1751,127,1725102826.4313383,,
move,1751,127,1725102826.438946,,
move,1751,129,1725102826.4447627,,
move,1750,130,1725102826.451909,,
move,1750,132,1725102826.4590273,,
move,1749,136,1725102826.466098,,
move,1748,140,1725102826.4718409,,
move,1747,145,1725102826.479502,,
move,1745,151,1725102826.4876747,,
move,1743,158,1725102826.4928172,,
move,1740,168,1725102826.499024,,
move,1736,179,1725102826.507564,,
move,1730,194,1725102826.514087,,
move,1724,211,1725102826.5214632,,
move,1714,234,1725102826.5285602,,
move,1699,260,1725102826.5353744,,
move,1684,287,1725102826.5408146,,
move,1669,310,1725102826.5487742,,
move,1660,329,1725102826.5552604,,
move,1651,342,1725102826.5623875,,
move,1646,352,1725102826.569396,,
move,1641,360,1725102826.5766947,,
move,1637,367,1725102826.5834692,,
move,1635,371,1725102826.5898228,,
move,1633,376,1725102826.5973706,,
move,1631,380,1725102826.6035564,,
move,1630,382,1725102826.6111226,,
move,1629,384,1725102826.6176612,,
move,1629,386,1725102826.625109,,
move,1628,387,1725102826.6319983,,
move,1628,387,1725102826.6381855,,
move,1627,388,1725102826.6449552,,
move,1626,389,1725102826.6589425,,
move,1626,389,1725102826.68831,,
move,1626,388,1725102826.7073407,,
move,1626,388,1725102826.7277918,,
move,1626,387,1725102826.7383523,,
move,1626,386,1725102826.7477062,,
move,1626,385,1725102826.7533062,,
move,1626,384,1725102826.758646,,
move,1626,381,1725102826.7677004,,
move,1626,378,1725102826.7704837,,
move,1627,377,1725102826.7785323,,
move,1627,375,1725102826.7878869,,
move,1627,374,1725102826.7907724,,
move,1627,372,1725102826.7981894,,
move,1628,369,1725102826.80799,,
move,1628,368,1725102826.8116126,,
move,1628,366,1725102826.8191755,,
move,1629,364,1725102826.827871,,
move,1630,363,1725102826.8378246,,
move,1631,359,1725102826.8392792,,
move,1632,352,1725102826.847713,,
move,1634,343,1725102826.8568678,,
move,1639,329,1725102826.860277,,
move,1643,317,1725102826.8676565,,
move,1646,310,1725102826.8779478,,
move,1649,304,1725102826.88105,,
move,1650,299,1725102826.8886752,,
move,1652,295,1725102826.8978157,,
move,1653,292,1725102826.9021447,,
move,1654,290,1725102826.9087534,,
move,1655,287,1725102826.9179246,,
move,1656,285,1725102826.922895,,
move,1657,283,1725102826.9298432,,
move,1658,281,1725102826.9376605,,
move,1659,281,1725102826.9440198,,
move,1659,279,1725102826.9534235,,
move,1659,277,1725102826.9578712,,
move,1660,277,1725102826.966806,,
move,1661,275,1725102826.9721396,,
move,1662,273,1725102826.978146,,
move,1663,272,1725102826.987726,,
move,1663,271,1725102826.9927177,,
move,1663,269,1725102826.999512,,
move,1664,269,1725102827.0082574,,
move,1665,268,1725102827.0137846,,
move,1666,267,1725102827.0198016,,
move,1666,266,1725102827.027623,,
move,1666,266,1725102827.0344057,,
move,1666,266,1725102827.0407884,,
move,1666,265,1725102827.0483565,,
move,1667,265,1725102827.0552678,,
move,1667,264,1725102827.061817,,
move,1668,264,1725102827.0767972,,
move,1668,263,1725102827.096986,,
move,1668,263,1725102827.1239078,,
move,1668,262,1725102827.1377666,,
move,1669,262,1725102827.145082,,
move,1669,262,1725102827.1518922,,
move,1670,262,1725102827.1653504,,
move,1670,261,1725102827.1726103,,
move,1671,261,1725102827.1796637,,
move,1671,260,1725102827.1872425,,
move,1671,260,1725102827.1934326,,
move,1671,259,1725102827.2068052,,
move,1672,259,1725102827.234653,,
move,1672,259,1725102827.241704,,
move,1672,258,1725102827.2555583,,
move,1672,258,1725102827.2621007,,
click,1672,258,1725102827.487698,Button.left,True
click,1672,258,1725102827.7121234,Button.left,False
click,1672,258,1725102828.05227,Button.left,True
click,1672,258,1725102828.1478825,Button.left,False
move,1667,262,1725102828.2083573,,
move,1655,273,1725102828.2136087,,
move,1638,287,1725102828.2219625,,
move,1613,308,1725102828.2284362,,
move,1588,329,1725102828.2341752,,
move,1572,345,1725102828.2411323,,
move,1559,358,1725102828.2490554,,
move,1549,371,1725102828.255885,,
move,1541,383,1725102828.2612042,,
move,1531,395,1725102828.2686524,,
move,1521,409,1725102828.2767055,,
move,1512,422,1725102828.2824094,,
move,1501,435,1725102828.289045,,
move,1489,447,1725102828.296937,,
move,1476,464,1725102828.3042285,,
move,1463,482,1725102828.3098252,,
move,1450,494,1725102828.3176613,,
move,1433,510,1725102828.3243315,,
move,1415,525,1725102828.3311799,,
move,1390,542,1725102828.338174,,
move,1366,561,1725102828.338174,,
move,1335,581,1725102828.3525066,,
move,1296,603,1725102828.3596418,,
move,1263,619,1725102828.3654757,,
move,1236,634,1725102828.3720977,,
move,1222,644,1725102828.3791597,,
move,1208,654,1725102828.386212,,
move,1196,662,1725102828.3936458,,
move,1184,669,1725102828.3997958,,
move,1173,677,1725102828.4073951,,
move,1165,685,1725102828.4137611,,
move,1156,693,1725102828.4205174,,
move,1149,701,1725102828.4275768,,
move,1143,706,1725102828.4344687,,
move,1138,712,1725102828.4416661,,
move,1131,718,1725102828.4484682,,
move,1123,724,1725102828.4497736,,
move,1114,731,1725102828.4581711,,
move,1105,739,1725102828.4676654,,
move,1095,747,1725102828.473749,,
move,1086,755,1725102828.477724,,
move,1078,763,1725102828.488164,,
move,1071,770,1725102828.4919984,,
move,1063,778,1725102828.4976027,,
move,1057,784,1725102828.5096085,,
move,1051,789,1725102828.512888,,
move,1043,794,1725102828.5184164,,
move,1036,799,1725102828.5289838,,
move,1030,804,1725102828.537368,,
move,1022,809,1725102828.540647,,
move,1016,814,1725102828.5483403,,
move,1012,818,1725102828.557896,,
move,1007,820,1725102828.559867,,
move,1003,824,1725102828.5685663,,
move,1000,825,1725102828.5776649,,
move,998,827,1725102828.5820875,,
move,997,828,1725102828.5890152,,
move,995,830,1725102828.5978765,,
move,994,831,1725102828.6014888,,
move,993,831,1725102828.6085677,,
move,993,831,1725102828.61754,,
move,992,832,1725102828.623729,,
move,991,832,1725102828.6307497,,
move,991,833,1725102828.638314,,
move,990,833,1725102828.6477573,,
move,989,833,1725102828.6677473,,
move,989,833,1725102828.6879194,,
move,989,833,1725102828.7559927,,
move,989,833,1725102828.7620516,,
move,989,832,1725102828.768589,,
move,991,832,1725102829.1883695,,
move,995,830,1725102829.1936972,,
move,997,828,1725102829.1988215,,
move,1001,826,1725102829.2086475,,
move,1004,825,1725102829.21478,,
move,1007,822,1725102829.2198591,,
move,1009,821,1725102829.228514,,
move,1011,819,1725102829.236803,,
move,1011,818,1725102829.2403026,,
move,1012,818,1725102829.24835,,
move,1014,818,1725102829.2568364,,
move,1014,817,1725102829.2626655,,
move,1015,816,1725102829.267756,,
move,1016,816,1725102829.2768831,,
move,1018,816,1725102829.2840383,,
move,1020,816,1725102829.2878435,,
move,1021,817,1725102829.2984724,,
move,1023,818,1725102829.3041422,,
move,1025,819,1725102829.3093927,,
move,1027,821,1725102829.3186224,,
move,1028,825,1725102829.323761,,
move,1028,830,1725102829.3306234,,
move,1025,838,1725102829.3385787,,
move,1020,852,1725102829.3469536,,
move,1010,866,1725102829.352786,,
move,990,882,1725102829.358898,,
move,966,901,1725102829.3671057,,
move,955,909,1725102829.3731685,,
move,944,916,1725102829.3795686,,
move,938,920,1725102829.3868694,,
move,934,923,1725102829.394027,,
move,932,924,1725102829.4000664,,
move,930,925,1725102829.4078932,,
move,930,926,1725102829.414025,,
move,929,926,1725102829.4199183,,
move,928,926,1725102829.4275932,,
move,927,926,1725102829.4405797,,
move,927,926,1725102829.457866,,
move,927,925,1725102829.4681308,,
move,927,925,1725102829.4883258,,
move,1739,54,1725102831.9594605,,
move,1707,82,1725102831.9675436,,
move,1676,114,1725102831.978822,,
move,1638,146,1725102831.9819615,,
move,1597,176,1725102831.9907086,,
move,1562,204,1725102831.9978447,,
move,1539,227,1725102832.0023167,,
move,1517,247,1725102832.0100877,,
move,1499,260,1725102832.0177166,,
move,1487,270,1725102832.0268133,,
move,1479,275,1725102832.0312614,,
move,1474,278,1725102832.0375612,,
move,1471,280,1725102832.0467896,,
move,1469,281,1725102832.0510128,,
move,1467,281,1725102832.060134,,
move,1467,282,1725102832.0678244,,
move,1466,282,1725102832.0708778,,
move,1464,282,1725102832.0778644,,
move,1463,282,1725102832.087624,,
move,1459,282,1725102832.0942128,,
move,1454,284,1725102832.1018286,,
move,1445,285,1725102832.1082165,,
move,1430,286,1725102832.1102428,,
move,1415,287,1725102832.1183321,,
move,1403,289,1725102832.1283402,,
move,1395,290,1725102832.1368468,,
move,1388,291,1725102832.1425455,,
move,1384,292,1725102832.149251,,
move,1380,294,1725102832.157071,,
move,1374,296,1725102832.1603205,,
move,1367,303,1725102832.1676073,,
move,1356,312,1725102832.1777217,,
move,1338,328,1725102832.18401,,
move,1316,356,1725102832.190819,,
move,1297,381,1725102832.1977983,,
move,1282,407,1725102832.2025166,,
move,1264,437,1725102832.2091935,,
move,1249,464,1725102832.2183373,,
move,1230,497,1725102832.2225883,,
move,1214,530,1725102832.2313828,,
move,1195,566,1725102832.2383065,,
move,1178,605,1725102832.2441545,,
move,1161,637,1725102832.251868,,
move,1144,676,1725102832.2583017,,
move,1126,718,1725102832.2668738,,
move,1111,757,1725102832.2712333,,
move,1091,799,1725102832.2787988,,
move,1074,841,1725102832.2866716,,
move,1057,877,1725102832.2929416,,
move,1045,911,1725102832.2990303,,
move,1033,940,1725102832.307632,,
move,1024,964,1725102832.314557,,
move,1017,983,1725102832.3198442,,
move,1011,997,1725102832.3280098,,
move,1007,1006,1725102832.33446,,
move,1005,1014,1725102832.3411765,,
move,1003,1020,1725102832.3481522,,
move,1002,1024,1725102832.3557258,,
move,1001,1026,1725102832.3627884,,
move,1001,1026,1725102832.3693993,,
move,1000,1027,1725102832.376538,,
move,1000,1027,1725102832.4107459,,
move,1000,1027,1725102832.417588,,
move,1001,1025,1725102832.423835,,
move,1013,998,1725102832.6976116,,
move,1031,968,1725102832.70149,,
move,1041,949,1725102832.7086148,,
move,1047,941,1725102832.717681,,
move,1049,936,1725102832.7246351,,
move,1053,931,1725102832.7315352,,
move,1054,930,1725102832.738987,,
move,1054,928,1725102832.745852,,
move,1055,927,1725102832.7512417,,
move,1055,927,1725102832.7587674,,
move,1055,926,1725102832.7678692,,
move,1055,925,1725102832.7779274,,
move,1055,924,1725102832.7926033,,
move,1055,924,1725102832.8136609,,
click,1055,924,1725102833.013934,Button.left,True
click,1055,924,1725102833.2401285,Button.left,False
